"","id_client","id_vehicle","id_year","id_claim","claim_nb","claim_amount","id_policy"
"1","A00000007","V01","Year 1","CL01",1,2167.45,"A00000007-V01"
"5","A00000025","V01","Year 1","CL01",1,2348.39,"A00000025-V01"
"13","A00000094","V01","Year 1","CL01",1,1236,"A00000094-V01"
"14","A00000128","V01","Year 1","CL01",1,3896.74,"A00000128-V01"
"16","A00000137","V01","Year 1","CL01",1,140.43,"A00000137-V01"
"21","A00000183","V01","Year 1","CL01",1,77.77,"A00000183-V01"
"22","A00000195","V01","Year 1","CL01",1,229.01,"A00000195-V01"
"59","A00000435","V01","Year 1","CL01",1,1236,"A00000435-V01"
"65","A00000466","V01","Year 1","CL01",1,637.79,"A00000466-V01"
"68","A00000492","V01","Year 1","CL01",1,0,"A00000492-V01"
"69","A00000492","V02","Year 1","CL01",1,1451.95,"A00000492-V02"
"80","A00000541","V01","Year 1","CL01",1,344.19,"A00000541-V01"
"82","A00000546","V01","Year 1","CL01",1,53.82,"A00000546-V01"
"83","A00000546","V01","Year 1","CL02",1,1096.21,"A00000546-V01"
"84","A00000551","V01","Year 1","CL01",1,1906.13,"A00000551-V01"
"85","A00000564","V01","Year 1","CL01",1,1290.14,"A00000564-V01"
"89","A00000581","V01","Year 1","CL01",1,1236,"A00000581-V01"
"93","A00000603","V01","Year 1","CL01",1,5358.86,"A00000603-V01"
"94","A00000612","V01","Year 1","CL01",1,2067.78,"A00000612-V01"
"95","A00000619","V01","Year 1","CL01",1,1236,"A00000619-V01"
"97","A00000628","V01","Year 1","CL01",1,161.81,"A00000628-V01"
"109","A00000716","V01","Year 1","CL01",1,198.86,"A00000716-V01"
"115","A00000767","V01","Year 1","CL01",1,0,"A00000767-V01"
"149","A00001067","V01","Year 1","CL01",1,1236,"A00001067-V01"
"150","A00001074","V01","Year 1","CL01",1,0,"A00001074-V01"
"166","A00001132","V01","Year 1","CL01",1,645.64,"A00001132-V01"
"175","A00001187","V01","Year 1","CL01",1,5601.91,"A00001187-V01"
"182","A00001250","V01","Year 1","CL01",1,802.99,"A00001250-V01"
"184","A00001261","V01","Year 1","CL01",1,-693.23,"A00001261-V01"
"189","A00001273","V01","Year 1","CL01",1,1137.1,"A00001273-V01"
"206","A00001398","V01","Year 1","CL01",1,0,"A00001398-V01"
"207","A00001398","V01","Year 1","CL02",1,680.62,"A00001398-V01"
"222","A00001488","V01","Year 1","CL01",1,1236,"A00001488-V01"
"232","A00001547","V01","Year 1","CL01",1,268.19,"A00001547-V01"
"268","A00001762","V01","Year 1","CL01",1,509.12,"A00001762-V01"
"269","A00001789","V01","Year 1","CL01",1,4532.04,"A00001789-V01"
"278","A00001828","V01","Year 1","CL01",1,968.9,"A00001828-V01"
"282","A00001840","V01","Year 1","CL01",1,472.48,"A00001840-V01"
"304","A00001959","V01","Year 1","CL01",1,1857.83,"A00001959-V01"
"305","A00001959","V01","Year 1","CL02",1,114.11,"A00001959-V01"
"316","A00002024","V01","Year 1","CL01",1,1941.15,"A00002024-V01"
"320","A00002077","V01","Year 1","CL01",1,297.16,"A00002077-V01"
"332","A00002143","V01","Year 1","CL01",1,144.57,"A00002143-V01"
"363","A00002295","V01","Year 1","CL01",1,108.24,"A00002295-V01"
"366","A00002305","V01","Year 1","CL01",1,2279.02,"A00002305-V01"
"382","A00002426","V01","Year 1","CL01",1,-487.72,"A00002426-V01"
"388","A00002491","V01","Year 1","CL01",1,926.48,"A00002491-V01"
"396","A00002520","V01","Year 1","CL01",1,1236,"A00002520-V01"
"404","A00002561","V01","Year 1","CL01",1,-832.7,"A00002561-V01"
"410","A00002632","V01","Year 1","CL01",1,528.86,"A00002632-V01"
"421","A00002684","V01","Year 1","CL01",1,0,"A00002684-V01"
"422","A00002684","V01","Year 1","CL02",1,664.71,"A00002684-V01"
"446","A00002799","V01","Year 1","CL01",1,1236,"A00002799-V01"
"488","A00003135","V01","Year 1","CL01",1,964.6,"A00003135-V01"
"502","A00003205","V01","Year 1","CL01",1,3320.96,"A00003205-V01"
"511","A00003251","V01","Year 1","CL01",1,-931.57,"A00003251-V01"
"539","A00003453","V01","Year 1","CL01",1,196.74,"A00003453-V01"
"552","A00003541","V01","Year 1","CL01",1,2423.45,"A00003541-V01"
"554","A00003564","V01","Year 1","CL01",1,1730.17,"A00003564-V01"
"559","A00003624","V01","Year 1","CL01",1,1236,"A00003624-V01"
"577","A00003725","V01","Year 1","CL01",1,270.12,"A00003725-V01"
"578","A00003741","V01","Year 1","CL01",1,1289.96,"A00003741-V01"
"582","A00003764","V01","Year 1","CL01",1,1236,"A00003764-V01"
"616","A00004136","V01","Year 1","CL01",1,121.39,"A00004136-V01"
"626","A00004172","V01","Year 1","CL01",1,861.6,"A00004172-V01"
"627","A00004172","V01","Year 1","CL02",1,538.09,"A00004172-V01"
"637","A00004205","V01","Year 1","CL01",1,1236,"A00004205-V01"
"652","A00004336","V01","Year 1","CL01",1,-419.63,"A00004336-V01"
"653","A00004336","V01","Year 1","CL02",1,646.89,"A00004336-V01"
"659","A00004380","V01","Year 1","CL01",1,107.39,"A00004380-V01"
"675","A00004520","V01","Year 1","CL01",1,105.16,"A00004520-V01"
"679","A00004552","V01","Year 1","CL01",1,379.47,"A00004552-V01"
"686","A00004580","V01","Year 1","CL01",1,458.47,"A00004580-V01"
"703","A00004717","V01","Year 1","CL01",1,7047.31,"A00004717-V01"
"710","A00004754","V01","Year 1","CL01",1,165.97,"A00004754-V01"
"716","A00004784","V01","Year 1","CL01",1,3157.78,"A00004784-V01"
"722","A00004814","V01","Year 1","CL01",1,731.08,"A00004814-V01"
"724","A00004856","V01","Year 1","CL01",1,674.39,"A00004856-V01"
"725","A00004856","V01","Year 1","CL02",1,660.66,"A00004856-V01"
"726","A00004860","V01","Year 1","CL01",1,79,"A00004860-V01"
"729","A00004872","V01","Year 1","CL01",1,1376.83,"A00004872-V01"
"741","A00004948","V01","Year 1","CL01",1,2165.21,"A00004948-V01"
"755","A00005022","V01","Year 1","CL01",1,-929.75,"A00005022-V01"
"756","A00005024","V01","Year 1","CL01",1,-38.49,"A00005024-V01"
"781","A00005155","V01","Year 1","CL01",1,1236,"A00005155-V01"
"782","A00005156","V01","Year 1","CL01",1,130.93,"A00005156-V01"
"791","A00005219","V01","Year 1","CL01",1,1433.29,"A00005219-V01"
"814","A00005331","V01","Year 1","CL01",1,987.02,"A00005331-V01"
"815","A00005333","V02","Year 1","CL01",1,7280.63,"A00005333-V02"
"839","A00005487","V01","Year 1","CL01",1,487.11,"A00005487-V01"
"855","A00005589","V01","Year 1","CL01",1,1803.34,"A00005589-V01"
"866","A00005663","V01","Year 1","CL01",1,2034.02,"A00005663-V01"
"867","A00005663","V01","Year 1","CL02",1,1349.11,"A00005663-V01"
"872","A00005687","V01","Year 1","CL01",1,1338.23,"A00005687-V01"
"880","A00005765","V01","Year 1","CL01",1,595.39,"A00005765-V01"
"881","A00005765","V01","Year 1","CL02",1,156.86,"A00005765-V01"
"890","A00005826","V01","Year 1","CL01",1,1937.68,"A00005826-V01"
"919","A00005954","V01","Year 1","CL01",1,423.52,"A00005954-V01"
"920","A00005954","V01","Year 1","CL02",1,0,"A00005954-V01"
"921","A00005955","V01","Year 1","CL01",1,525.58,"A00005955-V01"
"925","A00005965","V01","Year 1","CL01",1,798.61,"A00005965-V01"
"926","A00005966","V01","Year 1","CL01",1,1096.21,"A00005966-V01"
"949","A00006159","V01","Year 1","CL01",1,1288.79,"A00006159-V01"
"950","A00006159","V01","Year 1","CL02",1,1846.75,"A00006159-V01"
"982","A00006347","V01","Year 1","CL01",1,1258.56,"A00006347-V01"
"987","A00006396","V01","Year 1","CL01",1,451.65,"A00006396-V01"
"1014","A00006604","V01","Year 1","CL01",1,0,"A00006604-V01"
"1018","A00006625","V01","Year 1","CL01",1,473.5,"A00006625-V01"
"1026","A00006674","V01","Year 1","CL01",1,0,"A00006674-V01"
"1042","A00006770","V01","Year 1","CL01",1,515.13,"A00006770-V01"
"1045","A00006808","V01","Year 1","CL01",1,113.2,"A00006808-V01"
"1050","A00006862","V01","Year 1","CL01",1,513.7,"A00006862-V01"
"1057","A00006939","V01","Year 1","CL01",1,1236,"A00006939-V01"
"1070","A00007044","V01","Year 1","CL01",1,-955.6,"A00007044-V01"
"1072","A00007059","V01","Year 1","CL01",1,715.82,"A00007059-V01"
"1073","A00007059","V01","Year 1","CL02",1,708.67,"A00007059-V01"
"1085","A00007116","V01","Year 1","CL01",1,559.3,"A00007116-V01"
"1087","A00007153","V01","Year 1","CL01",1,446.17,"A00007153-V01"
"1088","A00007153","V01","Year 1","CL02",1,1030.35,"A00007153-V01"
"1108","A00007254","V01","Year 1","CL01",1,591,"A00007254-V01"
"1109","A00007257","V01","Year 1","CL01",1,1543.06,"A00007257-V01"
"1114","A00007337","V01","Year 1","CL01",1,1096.21,"A00007337-V01"
"1121","A00007406","V01","Year 1","CL01",1,821.52,"A00007406-V01"
"1124","A00007426","V01","Year 1","CL01",1,2471.6,"A00007426-V01"
"1136","A00007506","V01","Year 1","CL01",1,816.59,"A00007506-V01"
"1151","A00007669","V01","Year 1","CL01",1,1099.16,"A00007669-V01"
"1152","A00007672","V01","Year 1","CL01",1,1236,"A00007672-V01"
"1155","A00007682","V01","Year 1","CL01",1,2445.07,"A00007682-V01"
"1170","A00007811","V01","Year 1","CL01",1,131.61,"A00007811-V01"
"1174","A00007824","V01","Year 1","CL01",1,103.33,"A00007824-V01"
"1196","A00007920","V01","Year 1","CL01",1,342.07,"A00007920-V01"
"1202","A00007980","V01","Year 1","CL01",1,1236,"A00007980-V01"
"1212","A00008028","V01","Year 1","CL01",1,2709.69,"A00008028-V01"
"1222","A00008080","V01","Year 1","CL01",1,203.7,"A00008080-V01"
"1226","A00008104","V01","Year 1","CL01",1,395.91,"A00008104-V01"
"1227","A00008105","V01","Year 1","CL01",1,1182.81,"A00008105-V01"
"1232","A00008124","V01","Year 1","CL01",1,672.38,"A00008124-V01"
"1239","A00008172","V01","Year 1","CL01",1,1326.01,"A00008172-V01"
"1250","A00008265","V01","Year 1","CL01",1,446,"A00008265-V01"
"1254","A00008293","V01","Year 1","CL01",1,2803.48,"A00008293-V01"
"1260","A00008365","V01","Year 1","CL01",1,3916.74,"A00008365-V01"
"1265","A00008395","V01","Year 1","CL01",1,56.19,"A00008395-V01"
"1282","A00008454","V01","Year 1","CL01",1,-311.89,"A00008454-V01"
"1301","A00008584","V01","Year 1","CL01",1,131.16,"A00008584-V01"
"1303","A00008594","V01","Year 1","CL01",1,536.82,"A00008594-V01"
"1320","A00008740","V01","Year 1","CL01",1,341.03,"A00008740-V01"
"1335","A00008855","V02","Year 1","CL01",1,1096.21,"A00008855-V02"
"1339","A00008877","V01","Year 1","CL01",1,1469.39,"A00008877-V01"
"1340","A00008877","V01","Year 1","CL02",1,354.76,"A00008877-V01"
"1344","A00008916","V02","Year 1","CL01",1,79.1,"A00008916-V02"
"1347","A00008938","V02","Year 1","CL01",1,2720.61,"A00008938-V02"
"1361","A00009012","V02","Year 1","CL01",1,409.1,"A00009012-V02"
"1385","A00009193","V01","Year 1","CL01",1,3762.78,"A00009193-V01"
"1386","A00009194","V02","Year 1","CL01",1,5913.61,"A00009194-V02"
"1416","A00009367","V01","Year 1","CL01",1,79,"A00009367-V01"
"1431","A00009461","V01","Year 1","CL01",1,708.9,"A00009461-V01"
"1441","A00009532","V01","Year 1","CL01",1,3241.42,"A00009532-V01"
"1447","A00009584","V01","Year 1","CL01",1,463.77,"A00009584-V01"
"1479","A00009795","V01","Year 1","CL01",1,73.61,"A00009795-V01"
"1484","A00009807","V01","Year 1","CL01",1,906.99,"A00009807-V01"
"1488","A00009828","V01","Year 1","CL01",1,0,"A00009828-V01"
"1493","A00009838","V01","Year 1","CL01",1,639.41,"A00009838-V01"
"1494","A00009838","V01","Year 1","CL02",1,0,"A00009838-V01"
"1501","A00009889","V01","Year 1","CL01",1,107.39,"A00009889-V01"
"1506","A00009931","V01","Year 1","CL01",1,1236,"A00009931-V01"
"1512","A00009991","V01","Year 1","CL01",1,10741.08,"A00009991-V01"
"1527","A00010054","V01","Year 1","CL01",1,-909.68,"A00010054-V01"
"1538","A00010142","V01","Year 1","CL01",1,220.1,"A00010142-V01"
"1552","A00010208","V01","Year 1","CL01",1,1012.67,"A00010208-V01"
"1554","A00010215","V01","Year 1","CL01",1,545.76,"A00010215-V01"
"1560","A00010276","V01","Year 1","CL01",1,728.81,"A00010276-V01"
"1602","A00010474","V01","Year 1","CL01",1,461.11,"A00010474-V01"
"1603","A00010481","V01","Year 1","CL01",1,114.11,"A00010481-V01"
"1604","A00010481","V01","Year 1","CL02",1,183.69,"A00010481-V01"
"1607","A00010513","V01","Year 1","CL01",1,4648.06,"A00010513-V01"
"1608","A00010523","V01","Year 1","CL01",1,-85.83,"A00010523-V01"
"1614","A00010551","V01","Year 1","CL01",1,693.52,"A00010551-V01"
"1622","A00010614","V01","Year 1","CL01",1,854.88,"A00010614-V01"
"1643","A00010774","V01","Year 1","CL01",1,1096.21,"A00010774-V01"
"1652","A00010821","V01","Year 1","CL01",1,1096.21,"A00010821-V01"
"1653","A00010821","V01","Year 1","CL02",1,107.39,"A00010821-V01"
"1665","A00010913","V01","Year 1","CL01",1,-44.92,"A00010913-V01"
"1668","A00010922","V01","Year 1","CL01",1,-690.93,"A00010922-V01"
"1670","A00010937","V02","Year 1","CL01",1,648.56,"A00010937-V02"
"1671","A00010937","V02","Year 1","CL02",1,1049.56,"A00010937-V02"
"1672","A00010940","V01","Year 1","CL01",1,417.65,"A00010940-V01"
"1682","A00011019","V02","Year 1","CL01",1,524.85,"A00011019-V02"
"1688","A00011044","V01","Year 1","CL01",1,2240.69,"A00011044-V01"
"1689","A00011044","V01","Year 1","CL02",1,1417.66,"A00011044-V01"
"1729","A00011321","V01","Year 1","CL01",1,488.59,"A00011321-V01"
"1733","A00011342","V01","Year 1","CL01",1,0,"A00011342-V01"
"1755","A00011439","V01","Year 1","CL01",1,196.87,"A00011439-V01"
"1758","A00011452","V01","Year 1","CL01",1,2043,"A00011452-V01"
"1784","A00011619","V01","Year 1","CL01",1,-700.66,"A00011619-V01"
"1785","A00011619","V01","Year 1","CL02",1,-237.45,"A00011619-V01"
"1787","A00011628","V01","Year 1","CL01",1,-388.71,"A00011628-V01"
"1790","A00011655","V01","Year 1","CL01",1,397.53,"A00011655-V01"
"1793","A00011671","V01","Year 1","CL01",1,2102.19,"A00011671-V01"
"1800","A00011752","V02","Year 1","CL01",1,1096.21,"A00011752-V02"
"1801","A00011785","V01","Year 1","CL01",1,739.95,"A00011785-V01"
"1811","A00011863","V03","Year 1","CL01",1,324.34,"A00011863-V03"
"1823","A00012007","V01","Year 1","CL01",1,1312.4,"A00012007-V01"
"1832","A00012032","V01","Year 1","CL01",1,179.22,"A00012032-V01"
"1872","A00012267","V01","Year 1","CL01",1,541.74,"A00012267-V01"
"1877","A00012321","V01","Year 1","CL01",1,1236,"A00012321-V01"
"1881","A00012350","V01","Year 1","CL01",1,429.36,"A00012350-V01"
"1885","A00012376","V01","Year 1","CL01",1,1096.21,"A00012376-V01"
"1897","A00012441","V01","Year 1","CL01",1,502.41,"A00012441-V01"
"1898","A00012443","V01","Year 1","CL01",1,-478.38,"A00012443-V01"
"1920","A00012575","V01","Year 1","CL01",1,601.3,"A00012575-V01"
"1925","A00012601","V01","Year 1","CL01",1,741.23,"A00012601-V01"
"1926","A00012601","V02","Year 1","CL01",1,3153.97,"A00012601-V02"
"1936","A00012672","V01","Year 1","CL01",1,3650.82,"A00012672-V01"
"1939","A00012704","V01","Year 1","CL01",1,1236,"A00012704-V01"
"1941","A00012710","V01","Year 1","CL01",1,107.39,"A00012710-V01"
"1942","A00012710","V01","Year 1","CL02",1,190,"A00012710-V01"
"1944","A00012722","V01","Year 1","CL01",1,-279.96,"A00012722-V01"
"1950","A00012825","V01","Year 1","CL01",1,-17.39,"A00012825-V01"
"1952","A00012830","V01","Year 1","CL01",1,467.62,"A00012830-V01"
"1953","A00012837","V01","Year 1","CL01",1,1236,"A00012837-V01"
"1993","A00013125","V01","Year 1","CL01",1,165.11,"A00013125-V01"
"1995","A00013133","V01","Year 1","CL01",1,134.29,"A00013133-V01"
"2000","A00013156","V01","Year 1","CL01",1,92.27,"A00013156-V01"
"2003","A00013191","V01","Year 1","CL01",1,137.3,"A00013191-V01"
"2041","A00013481","V01","Year 1","CL01",1,692.76,"A00013481-V01"
"2053","A00013531","V01","Year 1","CL01",1,329.42,"A00013531-V01"
"2060","A00013573","V01","Year 1","CL01",1,978.14,"A00013573-V01"
"2070","A00013639","V01","Year 1","CL01",1,5384.4,"A00013639-V01"
"2086","A00013700","V01","Year 1","CL01",1,0,"A00013700-V01"
"2087","A00013700","V01","Year 1","CL02",1,19.14,"A00013700-V01"
"2096","A00013793","V01","Year 1","CL01",1,2391.39,"A00013793-V01"
"2100","A00013820","V01","Year 1","CL01",1,1236,"A00013820-V01"
"2101","A00013846","V01","Year 1","CL01",1,-260.26,"A00013846-V01"
"2112","A00013888","V01","Year 1","CL01",1,137.62,"A00013888-V01"
"2113","A00013888","V01","Year 1","CL02",1,501.73,"A00013888-V01"
"2115","A00013907","V01","Year 1","CL01",1,1236,"A00013907-V01"
"2122","A00014009","V01","Year 1","CL01",1,0,"A00014009-V01"
"2123","A00014009","V01","Year 1","CL02",1,3820.46,"A00014009-V01"
"2127","A00014026","V01","Year 1","CL01",1,1236,"A00014026-V01"
"2128","A00014026","V01","Year 1","CL02",1,848.11,"A00014026-V01"
"2143","A00014149","V01","Year 1","CL01",1,1300.71,"A00014149-V01"
"2164","A00014295","V01","Year 1","CL01",1,397.45,"A00014295-V01"
"2196","A00014581","V01","Year 1","CL01",1,-802.67,"A00014581-V01"
"2212","A00014685","V01","Year 1","CL01",1,107.39,"A00014685-V01"
"2247","A00014924","V01","Year 1","CL01",1,977.41,"A00014924-V01"
"2250","A00014932","V01","Year 1","CL01",1,1331.25,"A00014932-V01"
"2276","A00015149","V01","Year 1","CL01",1,618,"A00015149-V01"
"2277","A00015180","V01","Year 1","CL01",1,-793.48,"A00015180-V01"
"2287","A00015275","V01","Year 1","CL01",1,1096.21,"A00015275-V01"
"2297","A00015350","V01","Year 1","CL01",1,-769.2,"A00015350-V01"
"2329","A00015540","V01","Year 1","CL01",1,1302.77,"A00015540-V01"
"2331","A00015576","V02","Year 1","CL01",1,1236,"A00015576-V02"
"2364","A00015799","V01","Year 1","CL01",1,919.08,"A00015799-V01"
"2388","A00015978","V01","Year 1","CL01",1,20.5,"A00015978-V01"
"2391","A00016006","V01","Year 1","CL01",1,-797.01,"A00016006-V01"
"2404","A00016095","V01","Year 1","CL01",1,814.98,"A00016095-V01"
"2407","A00016105","V01","Year 1","CL01",1,227.77,"A00016105-V01"
"2421","A00016203","V01","Year 1","CL01",1,254.62,"A00016203-V01"
"2425","A00016232","V01","Year 1","CL01",1,1236,"A00016232-V01"
"2427","A00016259","V01","Year 1","CL01",1,2396.72,"A00016259-V01"
"2428","A00016259","V01","Year 1","CL02",1,1582.89,"A00016259-V01"
"2441","A00016369","V01","Year 1","CL01",1,-567.44,"A00016369-V01"
"2443","A00016371","V01","Year 1","CL01",1,76.25,"A00016371-V01"
"2444","A00016375","V01","Year 1","CL01",1,107.39,"A00016375-V01"
"2445","A00016383","V01","Year 1","CL01",1,543.82,"A00016383-V01"
"2462","A00016485","V01","Year 1","CL01",1,299.34,"A00016485-V01"
"2464","A00016488","V01","Year 1","CL01",1,631.47,"A00016488-V01"
"2465","A00016488","V01","Year 1","CL02",1,1096.21,"A00016488-V01"
"2468","A00016498","V01","Year 1","CL01",1,-1085.92,"A00016498-V01"
"2490","A00016626","V01","Year 1","CL01",1,1236,"A00016626-V01"
"2491","A00016638","V01","Year 1","CL01",1,1662.46,"A00016638-V01"
"2496","A00016705","V01","Year 1","CL01",1,997.08,"A00016705-V01"
"2500","A00016738","V01","Year 1","CL01",1,0,"A00016738-V01"
"2504","A00016777","V01","Year 1","CL01",1,698.2,"A00016777-V01"
"2525","A00016918","V01","Year 1","CL01",1,542.3,"A00016918-V01"
"2528","A00016945","V01","Year 1","CL01",1,1660.34,"A00016945-V01"
"2534","A00016988","V02","Year 1","CL01",1,2035.96,"A00016988-V02"
"2546","A00017097","V01","Year 1","CL01",1,570.42,"A00017097-V01"
"2553","A00017146","V01","Year 1","CL01",1,532.39,"A00017146-V01"
"2561","A00017199","V01","Year 1","CL01",1,0,"A00017199-V01"
"2588","A00017386","V01","Year 1","CL01",1,296.62,"A00017386-V01"
"2596","A00017403","V01","Year 1","CL01",1,1088.98,"A00017403-V01"
"2597","A00017403","V01","Year 1","CL02",1,-472.22,"A00017403-V01"
"2625","A00017581","V01","Year 1","CL01",1,3594.1,"A00017581-V01"
"2627","A00017584","V01","Year 1","CL01",1,91.66,"A00017584-V01"
"2630","A00017596","V01","Year 1","CL01",1,103.65,"A00017596-V01"
"2646","A00017688","V01","Year 1","CL01",1,325.95,"A00017688-V01"
"2651","A00017713","V02","Year 1","CL01",1,-667.7,"A00017713-V02"
"2659","A00017757","V01","Year 1","CL01",1,606.35,"A00017757-V01"
"2676","A00017923","V01","Year 1","CL01",1,-714.65,"A00017923-V01"
"2709","A00018090","V01","Year 1","CL01",1,685.41,"A00018090-V01"
"2718","A00018136","V01","Year 1","CL01",1,324.55,"A00018136-V01"
"2719","A00018136","V01","Year 1","CL02",1,3014.27,"A00018136-V01"
"2722","A00018153","V01","Year 1","CL01",1,447.17,"A00018153-V01"
"2734","A00018214","V02","Year 1","CL01",1,-232.49,"A00018214-V02"
"2737","A00018232","V02","Year 1","CL01",1,592.47,"A00018232-V02"
"2753","A00018333","V01","Year 1","CL01",1,728.6,"A00018333-V01"
"2766","A00018376","V01","Year 1","CL01",1,2294.92,"A00018376-V01"
"2768","A00018385","V01","Year 1","CL01",1,1236,"A00018385-V01"
"2781","A00018477","V01","Year 1","CL01",1,6003.59,"A00018477-V01"
"2808","A00018708","V01","Year 1","CL01",1,181.97,"A00018708-V01"
"2818","A00018835","V01","Year 1","CL01",1,683.59,"A00018835-V01"
"2831","A00018903","V01","Year 1","CL01",1,913.96,"A00018903-V01"
"2837","A00018928","V01","Year 1","CL01",1,95,"A00018928-V01"
"2839","A00018942","V01","Year 1","CL01",1,113.2,"A00018942-V01"
"2855","A00019006","V02","Year 1","CL01",1,710.03,"A00019006-V02"
"2880","A00019113","V01","Year 1","CL01",1,-74.35,"A00019113-V01"
"2912","A00019293","V01","Year 1","CL01",1,0,"A00019293-V01"
"2913","A00019293","V01","Year 1","CL02",1,133.83,"A00019293-V01"
"2919","A00019351","V01","Year 1","CL01",1,526.69,"A00019351-V01"
"2932","A00019450","V01","Year 1","CL01",1,-245.19,"A00019450-V01"
"2933","A00019450","V01","Year 1","CL02",1,733.02,"A00019450-V01"
"2937","A00019501","V01","Year 1","CL01",1,1236,"A00019501-V01"
"2947","A00019540","V01","Year 1","CL01",1,95,"A00019540-V01"
"2948","A00019549","V01","Year 1","CL01",1,161.4,"A00019549-V01"
"2952","A00019582","V01","Year 1","CL01",1,149.03,"A00019582-V01"
"2965","A00019657","V01","Year 1","CL01",1,534.11,"A00019657-V01"
"2987","A00019818","V01","Year 1","CL01",1,534.42,"A00019818-V01"
"3016","A00019971","V01","Year 1","CL01",1,570.81,"A00019971-V01"
"3023","A00020032","V01","Year 1","CL01",1,83.06,"A00020032-V01"
"3024","A00020032","V01","Year 1","CL02",1,-805.36,"A00020032-V01"
"3033","A00020103","V01","Year 1","CL01",1,764.56,"A00020103-V01"
"3049","A00020260","V02","Year 1","CL01",1,1477.57,"A00020260-V02"
"3061","A00020353","V01","Year 1","CL01",1,958.67,"A00020353-V01"
"3098","A00020637","V01","Year 1","CL01",1,0,"A00020637-V01"
"3109","A00020705","V01","Year 1","CL01",1,1548.51,"A00020705-V01"
"3126","A00020877","V01","Year 1","CL01",1,106.85,"A00020877-V01"
"3127","A00020877","V01","Year 1","CL02",1,668.27,"A00020877-V01"
"3128","A00020877","V01","Year 1","CL03",1,2602.8,"A00020877-V01"
"3133","A00020933","V01","Year 1","CL01",1,1889.88,"A00020933-V01"
"3135","A00020938","V01","Year 1","CL01",1,0,"A00020938-V01"
"3137","A00020943","V01","Year 1","CL01",1,293.75,"A00020943-V01"
"3139","A00020953","V01","Year 1","CL01",1,1236,"A00020953-V01"
"3140","A00020954","V01","Year 1","CL01",1,1890.05,"A00020954-V01"
"3158","A00021112","V01","Year 1","CL01",1,-669.96,"A00021112-V01"
"3168","A00021162","V01","Year 1","CL01",1,94.42,"A00021162-V01"
"3169","A00021162","V01","Year 1","CL02",1,133.84,"A00021162-V01"
"3179","A00021240","V01","Year 1","CL01",1,1236,"A00021240-V01"
"3193","A00021361","V01","Year 1","CL01",1,769.72,"A00021361-V01"
"3194","A00021361","V01","Year 1","CL02",1,1236,"A00021361-V01"
"3200","A00021387","V01","Year 1","CL01",1,0,"A00021387-V01"
"3211","A00021440","V01","Year 1","CL01",1,645.37,"A00021440-V01"
"3225","A00021549","V01","Year 1","CL01",1,332.78,"A00021549-V01"
"3233","A00021635","V01","Year 1","CL01",1,80.72,"A00021635-V01"
"3243","A00021697","V01","Year 1","CL01",1,718.44,"A00021697-V01"
"3253","A00021793","V01","Year 1","CL01",1,375.64,"A00021793-V01"
"3254","A00021814","V01","Year 1","CL01",1,2518.5,"A00021814-V01"
"3263","A00021856","V01","Year 1","CL01",1,56.19,"A00021856-V01"
"3267","A00021885","V02","Year 1","CL01",1,829.13,"A00021885-V02"
"3268","A00021897","V01","Year 1","CL01",1,131.16,"A00021897-V01"
"3272","A00021943","V01","Year 1","CL01",1,1096.21,"A00021943-V01"
"3288","A00021998","V01","Year 1","CL01",1,2346,"A00021998-V01"
"3298","A00022060","V01","Year 1","CL01",1,1096.21,"A00022060-V01"
"3311","A00022114","V01","Year 1","CL01",1,310.84,"A00022114-V01"
"3315","A00022144","V01","Year 1","CL01",1,1236,"A00022144-V01"
"3322","A00022200","V01","Year 1","CL01",1,2821.64,"A00022200-V01"
"3338","A00022309","V01","Year 1","CL01",1,0,"A00022309-V01"
"3353","A00022459","V01","Year 1","CL01",1,325.5,"A00022459-V01"
"3360","A00022488","V01","Year 1","CL01",1,-303.69,"A00022488-V01"
"3364","A00022515","V01","Year 1","CL01",1,721.56,"A00022515-V01"
"3372","A00022590","V01","Year 1","CL01",1,558.59,"A00022590-V01"
"3398","A00022806","V01","Year 1","CL01",1,1236,"A00022806-V01"
"3401","A00022830","V01","Year 1","CL01",1,112.63,"A00022830-V01"
"3430","A00022981","V01","Year 1","CL01",1,1288.79,"A00022981-V01"
"3435","A00023013","V01","Year 1","CL01",1,680.31,"A00023013-V01"
"3436","A00023028","V01","Year 1","CL01",1,1174.4,"A00023028-V01"
"3438","A00023047","V01","Year 1","CL01",1,387.34,"A00023047-V01"
"3445","A00023105","V02","Year 1","CL01",1,329.99,"A00023105-V02"
"3446","A00023107","V01","Year 1","CL01",1,22.93,"A00023107-V01"
"3447","A00023107","V01","Year 1","CL02",1,548.95,"A00023107-V01"
"3459","A00023196","V01","Year 1","CL01",1,1236,"A00023196-V01"
"3476","A00023397","V01","Year 1","CL01",1,1284.6,"A00023397-V01"
"3482","A00023466","V01","Year 1","CL01",1,98.2,"A00023466-V01"
"3484","A00023484","V01","Year 1","CL01",1,455.01,"A00023484-V01"
"3497","A00023585","V01","Year 1","CL01",1,1236,"A00023585-V01"
"3503","A00023668","V01","Year 1","CL01",1,134.35,"A00023668-V01"
"3518","A00023790","V01","Year 1","CL01",1,1096.21,"A00023790-V01"
"3545","A00023987","V01","Year 1","CL01",1,241.61,"A00023987-V01"
"3551","A00024034","V01","Year 1","CL01",1,0,"A00024034-V01"
"3552","A00024034","V01","Year 1","CL02",1,3480.66,"A00024034-V01"
"3558","A00024123","V01","Year 1","CL01",1,1107.5,"A00024123-V01"
"3598","A00024407","V01","Year 1","CL01",1,207.17,"A00024407-V01"
"3606","A00024460","V01","Year 1","CL01",1,793.83,"A00024460-V01"
"3621","A00024575","V01","Year 1","CL01",1,2641.32,"A00024575-V01"
"3624","A00024615","V01","Year 1","CL01",1,0,"A00024615-V01"
"3625","A00024615","V01","Year 1","CL02",1,533.25,"A00024615-V01"
"3630","A00024624","V01","Year 1","CL01",1,1381.65,"A00024624-V01"
"3645","A00024731","V01","Year 1","CL01",1,1236,"A00024731-V01"
"3687","A00024989","V01","Year 1","CL01",1,56.19,"A00024989-V01"
"3693","A00025043","V01","Year 1","CL01",1,713.28,"A00025043-V01"
"3701","A00025102","V02","Year 1","CL01",1,181.36,"A00025102-V02"
"3704","A00025125","V02","Year 1","CL01",1,3257.5,"A00025125-V02"
"3705","A00025128","V01","Year 1","CL01",1,275.37,"A00025128-V01"
"3709","A00025158","V01","Year 1","CL01",1,457.94,"A00025158-V01"
"3728","A00025283","V01","Year 1","CL01",1,1443.33,"A00025283-V01"
"3729","A00025284","V01","Year 1","CL01",1,1096.21,"A00025284-V01"
"3731","A00025296","V01","Year 1","CL01",1,1236,"A00025296-V01"
"3756","A00025504","V02","Year 1","CL01",1,703.86,"A00025504-V02"
"3771","A00025697","V01","Year 1","CL01",1,-247.87,"A00025697-V01"
"3781","A00025747","V01","Year 1","CL01",1,1236,"A00025747-V01"
"3793","A00025869","V01","Year 1","CL01",1,0,"A00025869-V01"
"3797","A00025894","V01","Year 1","CL01",1,1096.21,"A00025894-V01"
"3801","A00025907","V01","Year 1","CL01",1,461.79,"A00025907-V01"
"3812","A00026064","V01","Year 1","CL01",1,698.67,"A00026064-V01"
"3822","A00026171","V01","Year 1","CL01",1,773.34,"A00026171-V01"
"3825","A00026191","V01","Year 1","CL01",1,1418.49,"A00026191-V01"
"3848","A00026313","V01","Year 1","CL01",1,0,"A00026313-V01"
"3853","A00026340","V01","Year 1","CL01",1,308.54,"A00026340-V01"
"3874","A00026496","V01","Year 1","CL01",1,108.26,"A00026496-V01"
"3887","A00026571","V01","Year 1","CL01",1,150.59,"A00026571-V01"
"3891","A00026593","V01","Year 1","CL01",1,835.98,"A00026593-V01"
"3893","A00026608","V01","Year 1","CL01",1,142.99,"A00026608-V01"
"3909","A00026702","V01","Year 1","CL01",1,824.14,"A00026702-V01"
"3916","A00026773","V01","Year 1","CL01",1,569.36,"A00026773-V01"
"3928","A00026849","V01","Year 1","CL01",1,216.88,"A00026849-V01"
"3937","A00026886","V01","Year 1","CL01",1,219.43,"A00026886-V01"
"3946","A00026924","V01","Year 1","CL01",1,469.55,"A00026924-V01"
"3947","A00026937","V01","Year 1","CL01",1,1236,"A00026937-V01"
"3950","A00026956","V01","Year 1","CL01",1,2287.07,"A00026956-V01"
"3974","A00027122","V01","Year 1","CL01",1,2724.59,"A00027122-V01"
"3985","A00027186","V01","Year 1","CL01",1,1096.21,"A00027186-V01"
"3990","A00027197","V01","Year 1","CL01",1,121.24,"A00027197-V01"
"4002","A00027284","V01","Year 1","CL01",1,547.72,"A00027284-V01"
"4010","A00027335","V01","Year 1","CL01",1,713.32,"A00027335-V01"
"4026","A00027427","V01","Year 1","CL01",1,1236,"A00027427-V01"
"4034","A00027529","V01","Year 1","CL01",1,2369.97,"A00027529-V01"
"4036","A00027542","V01","Year 1","CL01",1,253.35,"A00027542-V01"
"4040","A00027563","V01","Year 1","CL01",1,3715.52,"A00027563-V01"
"4049","A00027612","V01","Year 1","CL01",1,353.93,"A00027612-V01"
"4069","A00027760","V01","Year 1","CL01",1,229.09,"A00027760-V01"
"4075","A00027796","V01","Year 1","CL01",1,107.39,"A00027796-V01"
"4085","A00027863","V01","Year 1","CL01",1,1721.9,"A00027863-V01"
"4094","A00027911","V01","Year 1","CL01",1,24.58,"A00027911-V01"
"4103","A00027988","V01","Year 1","CL01",1,457.37,"A00027988-V01"
"4104","A00027988","V01","Year 1","CL02",1,81.57,"A00027988-V01"
"4117","A00028109","V01","Year 1","CL01",1,287.54,"A00028109-V01"
"4132","A00028229","V01","Year 1","CL01",1,346.25,"A00028229-V01"
"4133","A00028229","V01","Year 1","CL02",1,447.7,"A00028229-V01"
"4134","A00028229","V01","Year 1","CL03",1,3099.18,"A00028229-V01"
"4136","A00028236","V01","Year 1","CL01",1,4379.11,"A00028236-V01"
"4142","A00028261","V01","Year 1","CL01",1,1031.19,"A00028261-V01"
"4143","A00028261","V01","Year 1","CL02",1,2744.55,"A00028261-V01"
"4153","A00028314","V01","Year 1","CL01",1,-201.4,"A00028314-V01"
"4161","A00028363","V01","Year 1","CL01",1,1754.49,"A00028363-V01"
"4170","A00028427","V01","Year 1","CL01",1,1782.1,"A00028427-V01"
"4172","A00028441","V01","Year 1","CL01",1,252.73,"A00028441-V01"
"4179","A00028487","V01","Year 1","CL01",1,484.69,"A00028487-V01"
"4188","A00028515","V01","Year 1","CL01",1,1236,"A00028515-V01"
"4189","A00028520","V01","Year 1","CL01",1,0,"A00028520-V01"
"4196","A00028585","V01","Year 1","CL01",1,1096.21,"A00028585-V01"
"4220","A00028779","V02","Year 1","CL01",1,315.74,"A00028779-V02"
"4234","A00028823","V01","Year 1","CL01",1,1401.9,"A00028823-V01"
"4241","A00028847","V01","Year 1","CL01",1,1096.21,"A00028847-V01"
"4244","A00028871","V01","Year 1","CL01",1,0,"A00028871-V01"
"4246","A00028874","V01","Year 1","CL01",1,92.09,"A00028874-V01"
"4277","A00029088","V01","Year 1","CL01",1,-492.81,"A00029088-V01"
"4282","A00029114","V01","Year 1","CL01",1,243.88,"A00029114-V01"
"4292","A00029212","V01","Year 1","CL01",1,1935.76,"A00029212-V01"
"4296","A00029249","V02","Year 1","CL01",1,2776.6,"A00029249-V02"
"4309","A00029360","V01","Year 1","CL01",1,2042.39,"A00029360-V01"
"4311","A00029378","V01","Year 1","CL01",1,1096.21,"A00029378-V01"
"4312","A00029378","V01","Year 1","CL02",1,0,"A00029378-V01"
"4317","A00029413","V01","Year 1","CL01",1,2349.99,"A00029413-V01"
"4321","A00029442","V01","Year 1","CL01",1,1236,"A00029442-V01"
"4332","A00029506","V01","Year 1","CL01",1,2726,"A00029506-V01"
"4354","A00029705","V01","Year 1","CL01",1,570.34,"A00029705-V01"
"4368","A00029789","V01","Year 1","CL01",1,235.9,"A00029789-V01"
"4380","A00029897","V01","Year 1","CL01",1,4419.1,"A00029897-V01"
"4383","A00029905","V01","Year 1","CL01",1,1433.44,"A00029905-V01"
"4390","A00029945","V01","Year 1","CL01",1,982.56,"A00029945-V01"
"4410","A00030048","V01","Year 1","CL01",1,1236,"A00030048-V01"
"4411","A00030048","V01","Year 1","CL02",1,231.35,"A00030048-V01"
"4415","A00030078","V01","Year 1","CL01",1,1096.21,"A00030078-V01"
"4416","A00030080","V01","Year 1","CL01",1,1773.15,"A00030080-V01"
"4421","A00030108","V01","Year 1","CL01",1,1182.81,"A00030108-V01"
"4434","A00030204","V01","Year 1","CL01",1,0,"A00030204-V01"
"4440","A00030241","V01","Year 1","CL01",1,233.16,"A00030241-V01"
"4443","A00030253","V01","Year 1","CL01",1,358.62,"A00030253-V01"
"4445","A00030265","V01","Year 1","CL01",1,1096.21,"A00030265-V01"
"4454","A00030355","V01","Year 1","CL01",1,2140.26,"A00030355-V01"
"4469","A00030448","V01","Year 1","CL01",1,521.96,"A00030448-V01"
"4477","A00030529","V01","Year 1","CL01",1,104.13,"A00030529-V01"
"4486","A00030558","V01","Year 1","CL01",1,755.68,"A00030558-V01"
"4504","A00030691","V01","Year 1","CL01",1,67.94,"A00030691-V01"
"4517","A00030801","V01","Year 1","CL01",1,299.03,"A00030801-V01"
"4530","A00030891","V01","Year 1","CL01",1,377.75,"A00030891-V01"
"4538","A00030977","V01","Year 1","CL01",1,-193.34,"A00030977-V01"
"4541","A00031007","V01","Year 1","CL01",1,3089.89,"A00031007-V01"
"4545","A00031013","V01","Year 1","CL01",1,-38,"A00031013-V01"
"4546","A00031013","V01","Year 1","CL02",1,-13.49,"A00031013-V01"
"4547","A00031014","V01","Year 1","CL01",1,693.19,"A00031014-V01"
"4557","A00031115","V01","Year 1","CL01",1,124.74,"A00031115-V01"
"4575","A00031183","V01","Year 1","CL01",1,701.85,"A00031183-V01"
"4580","A00031216","V01","Year 1","CL01",1,425.74,"A00031216-V01"
"4583","A00031237","V01","Year 1","CL01",1,139.53,"A00031237-V01"
"4585","A00031243","V01","Year 1","CL01",1,3187.69,"A00031243-V01"
"4590","A00031276","V01","Year 1","CL01",1,1236,"A00031276-V01"
"4598","A00031372","V01","Year 1","CL01",1,113.66,"A00031372-V01"
"4603","A00031417","V01","Year 1","CL01",1,1236,"A00031417-V01"
"4605","A00031434","V01","Year 1","CL01",1,555.52,"A00031434-V01"
"4606","A00031443","V01","Year 1","CL01",1,592.63,"A00031443-V01"
"4609","A00031473","V02","Year 1","CL01",1,3496.51,"A00031473-V02"
"4610","A00031473","V02","Year 1","CL02",1,859.98,"A00031473-V02"
"4631","A00031636","V01","Year 1","CL01",1,147.29,"A00031636-V01"
"4642","A00031707","V01","Year 1","CL01",1,1096.21,"A00031707-V01"
"4657","A00031772","V01","Year 1","CL01",1,350.56,"A00031772-V01"
"4664","A00031821","V01","Year 1","CL01",1,1439.02,"A00031821-V01"
"4676","A00031974","V01","Year 1","CL01",1,-461.99,"A00031974-V01"
"4694","A00032075","V01","Year 1","CL01",1,1737.47,"A00032075-V01"
"4701","A00032175","V01","Year 1","CL01",1,1244.97,"A00032175-V01"
"4702","A00032185","V01","Year 1","CL01",1,2465.53,"A00032185-V01"
"4715","A00032296","V01","Year 1","CL01",1,241.61,"A00032296-V01"
"4716","A00032302","V01","Year 1","CL01",1,1545.06,"A00032302-V01"
"4724","A00032364","V01","Year 1","CL01",1,4117.19,"A00032364-V01"
"4728","A00032423","V01","Year 1","CL01",1,4318.85,"A00032423-V01"
"4738","A00032509","V01","Year 1","CL01",1,2584.86,"A00032509-V01"
"4745","A00032574","V01","Year 1","CL01",1,0,"A00032574-V01"
"4746","A00032577","V01","Year 1","CL01",1,1236,"A00032577-V01"
"4757","A00032674","V01","Year 1","CL01",1,2279.02,"A00032674-V01"
"4760","A00032694","V01","Year 1","CL01",1,387.87,"A00032694-V01"
"4762","A00032703","V01","Year 1","CL01",1,846.53,"A00032703-V01"
"4765","A00032708","V01","Year 1","CL01",1,106.41,"A00032708-V01"
"4781","A00032834","V01","Year 1","CL01",1,2426.29,"A00032834-V01"
"4783","A00032837","V01","Year 1","CL01",1,624.01,"A00032837-V01"
"4788","A00032850","V01","Year 1","CL01",1,2744.35,"A00032850-V01"
"4804","A00032922","V01","Year 1","CL01",1,1113.97,"A00032922-V01"
"4815","A00032955","V01","Year 1","CL01",1,2247.28,"A00032955-V01"
"4825","A00033008","V01","Year 1","CL01",1,1046.64,"A00033008-V01"
"4858","A00033255","V01","Year 1","CL01",1,1236,"A00033255-V01"
"4860","A00033261","V01","Year 1","CL01",1,639.16,"A00033261-V01"
"4922","A00033716","V01","Year 1","CL01",1,-253.91,"A00033716-V01"
"4931","A00033753","V01","Year 1","CL01",1,96.26,"A00033753-V01"
"4943","A00033855","V01","Year 1","CL01",1,91.66,"A00033855-V01"
"4954","A00033928","V01","Year 1","CL01",1,602.63,"A00033928-V01"
"4960","A00033939","V01","Year 1","CL01",1,1209.82,"A00033939-V01"
"4975","A00034050","V01","Year 1","CL01",1,786.97,"A00034050-V01"
"4978","A00034063","V01","Year 1","CL01",1,928.12,"A00034063-V01"
"4983","A00034108","V01","Year 1","CL01",1,482.9,"A00034108-V01"
"4987","A00034140","V01","Year 1","CL01",1,-159.08,"A00034140-V01"
"5031","A00034426","V01","Year 1","CL01",1,559.37,"A00034426-V01"
"5052","A00034608","V01","Year 1","CL01",1,668.44,"A00034608-V01"
"5065","A00034705","V01","Year 1","CL01",1,492.81,"A00034705-V01"
"5070","A00034729","V01","Year 1","CL01",1,-974.94,"A00034729-V01"
"5076","A00034765","V01","Year 1","CL01",1,346.55,"A00034765-V01"
"5081","A00034799","V01","Year 1","CL01",1,661.01,"A00034799-V01"
"5086","A00034856","V01","Year 1","CL01",1,1236,"A00034856-V01"
"5099","A00034935","V01","Year 1","CL01",1,1686.17,"A00034935-V01"
"5104","A00034990","V01","Year 1","CL01",1,146.5,"A00034990-V01"
"5121","A00035149","V01","Year 1","CL01",1,0,"A00035149-V01"
"5122","A00035158","V02","Year 1","CL01",1,1096.21,"A00035158-V02"
"5129","A00035207","V02","Year 1","CL01",1,0,"A00035207-V02"
"5156","A00035337","V01","Year 1","CL01",1,1419.52,"A00035337-V01"
"5160","A00035356","V02","Year 1","CL01",1,307.07,"A00035356-V02"
"5161","A00035357","V01","Year 1","CL01",1,517.47,"A00035357-V01"
"5162","A00035357","V01","Year 1","CL02",1,797.93,"A00035357-V01"
"5163","A00035357","V01","Year 1","CL03",1,1096.21,"A00035357-V01"
"5201","A00035608","V01","Year 1","CL01",1,-1043,"A00035608-V01"
"5208","A00035644","V01","Year 1","CL01",1,142.38,"A00035644-V01"
"5212","A00035685","V01","Year 1","CL01",1,131.16,"A00035685-V01"
"5213","A00035692","V01","Year 1","CL01",1,131.16,"A00035692-V01"
"5214","A00035692","V01","Year 1","CL02",1,693.81,"A00035692-V01"
"5215","A00035692","V01","Year 1","CL03",1,705.13,"A00035692-V01"
"5252","A00035945","V01","Year 1","CL01",1,584.46,"A00035945-V01"
"5254","A00035959","V01","Year 1","CL01",1,338.12,"A00035959-V01"
"5255","A00035959","V01","Year 1","CL02",1,330.19,"A00035959-V01"
"5259","A00035978","V01","Year 1","CL01",1,5424.1,"A00035978-V01"
"5304","A00036347","V01","Year 1","CL01",1,636.18,"A00036347-V01"
"5310","A00036387","V01","Year 1","CL01",1,1262.31,"A00036387-V01"
"5311","A00036413","V01","Year 1","CL01",1,388.37,"A00036413-V01"
"5319","A00036442","V01","Year 1","CL01",1,253.64,"A00036442-V01"
"5320","A00036452","V01","Year 1","CL01",1,571.11,"A00036452-V01"
"5344","A00036632","V01","Year 1","CL01",1,1466.01,"A00036632-V01"
"5345","A00036632","V01","Year 1","CL02",1,366.09,"A00036632-V01"
"5375","A00036814","V01","Year 1","CL01",1,639.36,"A00036814-V01"
"5377","A00036818","V01","Year 1","CL01",1,369.02,"A00036818-V01"
"5388","A00036876","V01","Year 1","CL01",1,1096.21,"A00036876-V01"
"5394","A00036948","V01","Year 1","CL01",1,180.55,"A00036948-V01"
"5454","A00037246","V01","Year 1","CL01",1,1430.96,"A00037246-V01"
"5455","A00037264","V01","Year 1","CL01",1,-822.04,"A00037264-V01"
"5456","A00037264","V01","Year 1","CL02",1,-645.91,"A00037264-V01"
"5458","A00037270","V01","Year 1","CL01",1,323.31,"A00037270-V01"
"5459","A00037277","V01","Year 1","CL01",1,-2.75,"A00037277-V01"
"5465","A00037303","V01","Year 1","CL01",1,1624.43,"A00037303-V01"
"5468","A00037313","V01","Year 1","CL01",1,1236,"A00037313-V01"
"5481","A00037375","V01","Year 1","CL01",1,582.99,"A00037375-V01"
"5484","A00037397","V01","Year 1","CL01",1,-489.15,"A00037397-V01"
"5486","A00037405","V01","Year 1","CL01",1,62.43,"A00037405-V01"
"5487","A00037405","V01","Year 1","CL02",1,93.29,"A00037405-V01"
"5493","A00037434","V01","Year 1","CL01",1,-33.05,"A00037434-V01"
"5513","A00037567","V01","Year 1","CL01",1,1288.79,"A00037567-V01"
"5514","A00037574","V01","Year 1","CL01",1,285.67,"A00037574-V01"
"5523","A00037627","V01","Year 1","CL01",1,187.55,"A00037627-V01"
"5530","A00037678","V01","Year 1","CL01",1,353.93,"A00037678-V01"
"5534","A00037705","V01","Year 1","CL01",1,2087.19,"A00037705-V01"
"5535","A00037705","V01","Year 1","CL02",1,-9.5,"A00037705-V01"
"5540","A00037725","V01","Year 1","CL01",1,545.97,"A00037725-V01"
"5560","A00037887","V01","Year 1","CL01",1,154.44,"A00037887-V01"
"5574","A00038015","V01","Year 1","CL01",1,215.73,"A00038015-V01"
"5575","A00038020","V01","Year 1","CL01",1,184.18,"A00038020-V01"
"5576","A00038023","V01","Year 1","CL01",1,1236,"A00038023-V01"
"5577","A00038056","V02","Year 1","CL01",1,131.16,"A00038056-V02"
"5582","A00038086","V01","Year 1","CL01",1,1096.21,"A00038086-V01"
"5589","A00038112","V01","Year 1","CL01",1,371.53,"A00038112-V01"
"5594","A00038187","V01","Year 1","CL01",1,2471.6,"A00038187-V01"
"5601","A00038252","V01","Year 1","CL01",1,150.58,"A00038252-V01"
"5605","A00038295","V01","Year 1","CL01",1,684.42,"A00038295-V01"
"5608","A00038299","V01","Year 1","CL01",1,3750.01,"A00038299-V01"
"5612","A00038309","V01","Year 1","CL01",1,0,"A00038309-V01"
"5613","A00038309","V01","Year 1","CL02",1,113.2,"A00038309-V01"
"5637","A00038428","V01","Year 1","CL01",1,2471.6,"A00038428-V01"
"5639","A00038446","V01","Year 1","CL01",1,0,"A00038446-V01"
"5644","A00038475","V01","Year 1","CL01",1,635.74,"A00038475-V01"
"5646","A00038489","V01","Year 1","CL01",1,1637.21,"A00038489-V01"
"5667","A00038602","V02","Year 1","CL01",1,598,"A00038602-V02"
"5683","A00038725","V01","Year 1","CL01",1,4109.26,"A00038725-V01"
"5691","A00038786","V01","Year 1","CL01",1,605.19,"A00038786-V01"
"5695","A00038809","V01","Year 1","CL01",1,1236,"A00038809-V01"
"5702","A00038862","V01","Year 1","CL01",1,151.61,"A00038862-V01"
"5717","A00038933","V02","Year 1","CL01",1,269.64,"A00038933-V02"
"5725","A00039008","V02","Year 1","CL01",1,-104.11,"A00039008-V02"
"5731","A00039081","V01","Year 1","CL01",1,387.87,"A00039081-V01"
"5740","A00039189","V01","Year 1","CL01",1,1123.43,"A00039189-V01"
"5753","A00039234","V01","Year 1","CL01",1,0,"A00039234-V01"
"5785","A00039438","V01","Year 1","CL01",1,1421.89,"A00039438-V01"
"5814","A00039697","V01","Year 1","CL01",1,950.54,"A00039697-V01"
"5819","A00039744","V01","Year 1","CL01",1,417.05,"A00039744-V01"
"5826","A00039792","V01","Year 1","CL01",1,-746.68,"A00039792-V01"
"5827","A00039793","V01","Year 1","CL01",1,715.82,"A00039793-V01"
"5829","A00039802","V01","Year 1","CL01",1,1236,"A00039802-V01"
"5840","A00039936","V01","Year 1","CL01",1,-710.06,"A00039936-V01"
"5841","A00039937","V01","Year 1","CL01",1,964.99,"A00039937-V01"
"5844","A00039967","V01","Year 1","CL01",1,410.61,"A00039967-V01"
"5849","A00039992","V01","Year 1","CL01",1,484.44,"A00039992-V01"
"5850","A00039995","V01","Year 1","CL01",1,1236,"A00039995-V01"
"5852","A00040012","V02","Year 1","CL01",1,99.82,"A00040012-V02"
"5858","A00040038","V01","Year 1","CL01",1,598.9,"A00040038-V01"
"5859","A00040040","V01","Year 1","CL01",1,0,"A00040040-V01"
"5870","A00040127","V01","Year 1","CL01",1,-683.24,"A00040127-V01"
"5910","A00040431","V01","Year 1","CL01",1,1236,"A00040431-V01"
"5912","A00040447","V01","Year 1","CL01",1,1000.81,"A00040447-V01"
"5920","A00040479","V01","Year 1","CL01",1,316,"A00040479-V01"
"5932","A00040548","V01","Year 1","CL01",1,1236,"A00040548-V01"
"5955","A00040719","V01","Year 1","CL01",1,530.77,"A00040719-V01"
"5966","A00040779","V02","Year 1","CL01",1,1096.21,"A00040779-V02"
"5979","A00040854","V01","Year 1","CL01",1,1016.43,"A00040854-V01"
"5991","A00040927","V01","Year 1","CL01",1,523.52,"A00040927-V01"
"6007","A00040985","V01","Year 1","CL01",1,1101.43,"A00040985-V01"
"6040","A00041224","V01","Year 1","CL01",1,93.77,"A00041224-V01"
"6042","A00041235","V01","Year 1","CL01",1,1742.13,"A00041235-V01"
"6045","A00041258","V01","Year 1","CL01",1,572.38,"A00041258-V01"
"6078","A00041495","V01","Year 1","CL01",1,1096.21,"A00041495-V01"
"6082","A00041509","V01","Year 1","CL01",1,555.56,"A00041509-V01"
"6090","A00041533","V01","Year 1","CL01",1,1049.66,"A00041533-V01"
"6096","A00041556","V01","Year 1","CL01",1,56.19,"A00041556-V01"
"6102","A00041604","V01","Year 1","CL01",1,668.56,"A00041604-V01"
"6138","A00041845","V01","Year 1","CL01",1,1044.48,"A00041845-V01"
"6149","A00041895","V01","Year 1","CL01",1,592.47,"A00041895-V01"
"6158","A00041951","V01","Year 1","CL01",1,1109.21,"A00041951-V01"
"6159","A00041964","V01","Year 1","CL01",1,212.99,"A00041964-V01"
"6160","A00041964","V01","Year 1","CL02",1,477.96,"A00041964-V01"
"6174","A00042121","V01","Year 1","CL01",1,275.64,"A00042121-V01"
"6175","A00042121","V02","Year 1","CL01",1,784.42,"A00042121-V02"
"6187","A00042221","V01","Year 1","CL01",1,-310.42,"A00042221-V01"
"6188","A00042224","V01","Year 1","CL01",1,0,"A00042224-V01"
"6210","A00042383","V01","Year 1","CL01",1,-224.4,"A00042383-V01"
"6249","A00042568","V01","Year 1","CL01",1,320.54,"A00042568-V01"
"6265","A00042679","V01","Year 1","CL01",1,124.26,"A00042679-V01"
"6271","A00042715","V01","Year 1","CL01",1,3232.87,"A00042715-V01"
"6272","A00042715","V02","Year 1","CL01",1,635.93,"A00042715-V02"
"6278","A00042751","V01","Year 1","CL01",1,1007.37,"A00042751-V01"
"6282","A00042773","V02","Year 1","CL01",1,1182.81,"A00042773-V02"
"6283","A00042773","V02","Year 1","CL02",1,0,"A00042773-V02"
"6309","A00042975","V01","Year 1","CL01",1,1236,"A00042975-V01"
"6313","A00042992","V01","Year 1","CL01",1,-476.29,"A00042992-V01"
"6314","A00042992","V01","Year 1","CL02",1,1096.21,"A00042992-V01"
"6331","A00043107","V01","Year 1","CL01",1,2004.05,"A00043107-V01"
"6373","A00043408","V01","Year 1","CL01",1,1838.05,"A00043408-V01"
"6392","A00043552","V01","Year 1","CL01",1,347.5,"A00043552-V01"
"6397","A00043570","V01","Year 1","CL01",1,2280.71,"A00043570-V01"
"6398","A00043574","V01","Year 1","CL01",1,1559.28,"A00043574-V01"
"6399","A00043583","V01","Year 1","CL01",1,1338.69,"A00043583-V01"
"6409","A00043627","V01","Year 1","CL01",1,1236,"A00043627-V01"
"6422","A00043684","V01","Year 1","CL01",1,99.1,"A00043684-V01"
"6438","A00043777","V01","Year 1","CL01",1,495.93,"A00043777-V01"
"6446","A00043834","V01","Year 1","CL01",1,756.76,"A00043834-V01"
"6450","A00043868","V01","Year 1","CL01",1,2611.14,"A00043868-V01"
"6452","A00043877","V01","Year 1","CL01",1,83.29,"A00043877-V01"
"6453","A00043883","V01","Year 1","CL01",1,2399.31,"A00043883-V01"
"6462","A00043963","V02","Year 1","CL01",1,1236,"A00043963-V02"
"6468","A00044009","V01","Year 1","CL01",1,226.44,"A00044009-V01"
"6469","A00044009","V01","Year 1","CL02",1,2930.76,"A00044009-V01"
"6481","A00044063","V01","Year 1","CL01",1,344.5,"A00044063-V01"
"6482","A00044095","V01","Year 1","CL01",1,227.88,"A00044095-V01"
"6494","A00044218","V01","Year 1","CL01",1,1236,"A00044218-V01"
"6495","A00044224","V01","Year 1","CL01",1,1328.39,"A00044224-V01"
"6511","A00044362","V01","Year 1","CL01",1,320.23,"A00044362-V01"
"6517","A00044405","V01","Year 1","CL01",1,2034.43,"A00044405-V01"
"6525","A00044471","V01","Year 1","CL01",1,2368.72,"A00044471-V01"
"6557","A00044715","V01","Year 1","CL01",1,455.69,"A00044715-V01"
"6558","A00044715","V01","Year 1","CL02",1,113.2,"A00044715-V01"
"6560","A00044732","V01","Year 1","CL01",1,460.85,"A00044732-V01"
"6596","A00045039","V01","Year 1","CL01",1,1294.75,"A00045039-V01"
"6598","A00045052","V01","Year 1","CL01",1,107.57,"A00045052-V01"
"6601","A00045074","V01","Year 1","CL01",1,1027.54,"A00045074-V01"
"6602","A00045074","V01","Year 1","CL02",1,1236,"A00045074-V01"
"6610","A00045128","V01","Year 1","CL01",1,369.11,"A00045128-V01"
"6614","A00045142","V01","Year 1","CL01",1,56.19,"A00045142-V01"
"6615","A00045159","V01","Year 1","CL01",1,1323.23,"A00045159-V01"
"6633","A00045306","V01","Year 1","CL01",1,321.68,"A00045306-V01"
"6641","A00045349","V01","Year 1","CL01",1,1570.8,"A00045349-V01"
"6651","A00045445","V02","Year 1","CL01",1,1236,"A00045445-V02"
"6676","A00045566","V01","Year 1","CL01",1,710.61,"A00045566-V01"
"6688","A00045664","V01","Year 1","CL01",1,1608.76,"A00045664-V01"
"6694","A00045720","V01","Year 1","CL01",1,232.33,"A00045720-V01"
"6698","A00045750","V01","Year 1","CL01",1,107.39,"A00045750-V01"
"6701","A00045761","V01","Year 1","CL01",1,2069.87,"A00045761-V01"
"6702","A00045761","V01","Year 1","CL02",1,546.57,"A00045761-V01"
"6726","A00045884","V01","Year 1","CL01",1,2350.34,"A00045884-V01"
"6730","A00045906","V01","Year 1","CL01",1,3242.64,"A00045906-V01"
"6750","A00046028","V01","Year 1","CL01",1,618,"A00046028-V01"
"6788","A00046267","V01","Year 1","CL01",1,1860.95,"A00046267-V01"
"6789","A00046268","V01","Year 1","CL01",1,95.68,"A00046268-V01"
"6796","A00046358","V01","Year 1","CL01",1,1236,"A00046358-V01"
"6801","A00046379","V01","Year 1","CL01",1,87.04,"A00046379-V01"
"6803","A00046383","V01","Year 1","CL01",1,395.04,"A00046383-V01"
"6807","A00046423","V01","Year 1","CL01",1,1236,"A00046423-V01"
"6846","A00046736","V01","Year 1","CL01",1,0,"A00046736-V01"
"6859","A00046881","V01","Year 1","CL01",1,1457.95,"A00046881-V01"
"6862","A00046887","V01","Year 1","CL01",1,977.37,"A00046887-V01"
"6863","A00046887","V01","Year 1","CL02",1,652.58,"A00046887-V01"
"6876","A00047019","V01","Year 1","CL01",1,0,"A00047019-V01"
"6893","A00047118","V01","Year 1","CL01",1,1182.81,"A00047118-V01"
"6905","A00047196","V01","Year 1","CL01",1,-640.09,"A00047196-V01"
"6906","A00047196","V01","Year 1","CL02",1,-546.05,"A00047196-V01"
"6913","A00047246","V01","Year 1","CL01",1,-50.56,"A00047246-V01"
"6922","A00047345","V01","Year 1","CL01",1,189.76,"A00047345-V01"
"6929","A00047414","V01","Year 1","CL01",1,287.21,"A00047414-V01"
"6939","A00047450","V01","Year 1","CL01",1,426.47,"A00047450-V01"
"6956","A00047544","V01","Year 1","CL01",1,307.05,"A00047544-V01"
"6962","A00047581","V01","Year 1","CL01",1,469.11,"A00047581-V01"
"6966","A00047611","V01","Year 1","CL01",1,-918.18,"A00047611-V01"
"6978","A00047679","V01","Year 1","CL01",1,328.93,"A00047679-V01"
"6984","A00047718","V01","Year 1","CL01",1,1236,"A00047718-V01"
"6989","A00047758","V01","Year 1","CL01",1,2536.85,"A00047758-V01"
"6998","A00047846","V01","Year 1","CL01",1,-601.38,"A00047846-V01"
"7014","A00047955","V02","Year 1","CL01",1,828.26,"A00047955-V02"
"7021","A00047983","V01","Year 1","CL01",1,69,"A00047983-V01"
"7048","A00048156","V01","Year 1","CL01",1,158.45,"A00048156-V01"
"7059","A00048226","V01","Year 1","CL01",1,-963.5,"A00048226-V01"
"7061","A00048252","V01","Year 1","CL01",1,732.54,"A00048252-V01"
"7062","A00048252","V01","Year 1","CL02",1,433.63,"A00048252-V01"
"7079","A00048329","V02","Year 1","CL01",1,818.03,"A00048329-V02"
"7081","A00048354","V01","Year 1","CL01",1,-765,"A00048354-V01"
"7082","A00048354","V01","Year 1","CL02",1,1148.73,"A00048354-V01"
"7093","A00048428","V01","Year 1","CL01",1,1364.14,"A00048428-V01"
"7094","A00048428","V01","Year 1","CL02",1,190.7,"A00048428-V01"
"7102","A00048465","V01","Year 1","CL01",1,-11.72,"A00048465-V01"
"7122","A00048580","V01","Year 1","CL01",1,2314.61,"A00048580-V01"
"7123","A00048583","V01","Year 1","CL01",1,1912.56,"A00048583-V01"
"7143","A00048797","V01","Year 1","CL01",1,440.26,"A00048797-V01"
"7150","A00048864","V01","Year 1","CL01",1,1204.5,"A00048864-V01"
"7198","A00049186","V01","Year 1","CL01",1,1815.07,"A00049186-V01"
"7200","A00049193","V01","Year 1","CL01",1,0,"A00049193-V01"
"7205","A00049225","V01","Year 1","CL01",1,320.32,"A00049225-V01"
"7220","A00049307","V01","Year 1","CL01",1,1236,"A00049307-V01"
"7230","A00049369","V01","Year 1","CL01",1,232.98,"A00049369-V01"
"7240","A00049432","V01","Year 1","CL01",1,516.08,"A00049432-V01"
"7255","A00049513","V01","Year 1","CL01",1,866.67,"A00049513-V01"
"7258","A00049541","V01","Year 1","CL01",1,1169.96,"A00049541-V01"
"7259","A00049541","V02","Year 1","CL01",1,107.39,"A00049541-V02"
"7265","A00049567","V01","Year 1","CL01",1,62.21,"A00049567-V01"
"7302","A00049799","V01","Year 1","CL01",1,-729.77,"A00049799-V01"
"7304","A00049818","V01","Year 1","CL01",1,83.42,"A00049818-V01"
"7353","A00050190","V01","Year 1","CL01",1,568.67,"A00050190-V01"
"7378","A00050426","V01","Year 1","CL01",1,4986.76,"A00050426-V01"
"7379","A00050426","V01","Year 1","CL02",1,693.18,"A00050426-V01"
"7380","A00050426","V01","Year 1","CL03",1,327.37,"A00050426-V01"
"7381","A00050443","V01","Year 1","CL01",1,1236,"A00050443-V01"
"7388","A00050484","V01","Year 1","CL01",1,1236,"A00050484-V01"
"7389","A00050484","V02","Year 1","CL01",1,720.5,"A00050484-V02"
"7396","A00050516","V01","Year 1","CL01",1,1236,"A00050516-V01"
"7401","A00050529","V01","Year 1","CL01",1,245.27,"A00050529-V01"
"7402","A00050529","V01","Year 1","CL02",1,224.76,"A00050529-V01"
"7414","A00050609","V01","Year 1","CL01",1,107.04,"A00050609-V01"
"7420","A00050647","V01","Year 1","CL01",1,2585.97,"A00050647-V01"
"7477","A00051009","V01","Year 1","CL01",1,117.11,"A00051009-V01"
"7485","A00051072","V01","Year 1","CL01",1,1288.79,"A00051072-V01"
"7486","A00051072","V01","Year 1","CL02",1,1236,"A00051072-V01"
"7494","A00051128","V01","Year 1","CL01",1,404.71,"A00051128-V01"
"7498","A00051153","V01","Year 1","CL01",1,1854.87,"A00051153-V01"
"7500","A00051173","V01","Year 1","CL01",1,2445.07,"A00051173-V01"
"7510","A00051235","V01","Year 1","CL01",1,-245.64,"A00051235-V01"
"7519","A00051299","V01","Year 1","CL01",1,145.54,"A00051299-V01"
"7534","A00051421","V01","Year 1","CL01",1,0,"A00051421-V01"
"7535","A00051421","V01","Year 1","CL02",1,1164.53,"A00051421-V01"
"7556","A00051541","V01","Year 1","CL01",1,84.14,"A00051541-V01"
"7559","A00051552","V01","Year 1","CL01",1,1018.26,"A00051552-V01"
"7560","A00051552","V01","Year 1","CL02",1,744.13,"A00051552-V01"
"7583","A00051801","V01","Year 1","CL01",1,75.05,"A00051801-V01"
"7593","A00051848","V02","Year 1","CL01",1,444.66,"A00051848-V02"
"7634","A00052178","V01","Year 1","CL01",1,40.89,"A00052178-V01"
"7635","A00052178","V02","Year 1","CL01",1,1236,"A00052178-V02"
"7651","A00052310","V01","Year 1","CL01",1,646.67,"A00052310-V01"
"7661","A00052366","V01","Year 1","CL01",1,293.68,"A00052366-V01"
"7665","A00052416","V01","Year 1","CL01",1,56.19,"A00052416-V01"
"7669","A00052452","V01","Year 1","CL01",1,-627.72,"A00052452-V01"
"7673","A00052484","V01","Year 1","CL01",1,2726,"A00052484-V01"
"7699","A00052631","V01","Year 1","CL01",1,868.35,"A00052631-V01"
"7702","A00052645","V01","Year 1","CL01",1,13.09,"A00052645-V01"
"7703","A00052645","V01","Year 1","CL02",1,94.84,"A00052645-V01"
"7711","A00052677","V01","Year 1","CL01",1,454.83,"A00052677-V01"
"7712","A00052677","V01","Year 1","CL02",1,1236,"A00052677-V01"
"7720","A00052738","V01","Year 1","CL01",1,1236,"A00052738-V01"
"7721","A00052738","V01","Year 1","CL02",1,351.77,"A00052738-V01"
"7748","A00052920","V01","Year 1","CL01",1,218.69,"A00052920-V01"
"7749","A00052920","V01","Year 1","CL02",1,187.18,"A00052920-V01"
"7752","A00052967","V01","Year 1","CL01",1,152.96,"A00052967-V01"
"7762","A00053018","V01","Year 1","CL01",1,500.86,"A00053018-V01"
"7770","A00053120","V01","Year 1","CL01",1,1082.47,"A00053120-V01"
"7783","A00053225","V01","Year 1","CL01",1,1542.66,"A00053225-V01"
"7802","A00053360","V01","Year 1","CL01",1,508.58,"A00053360-V01"
"7829","A00053578","V01","Year 1","CL01",1,599.33,"A00053578-V01"
"7848","A00053679","V01","Year 1","CL01",1,1236,"A00053679-V01"
"7850","A00053701","V01","Year 1","CL01",1,887.16,"A00053701-V01"
"7854","A00053720","V01","Year 1","CL01",1,926.64,"A00053720-V01"
"7858","A00053765","V01","Year 1","CL01",1,0,"A00053765-V01"
"7869","A00053833","V01","Year 1","CL01",1,298.24,"A00053833-V01"
"7874","A00053878","V01","Year 1","CL01",1,1236,"A00053878-V01"
"7875","A00053895","V01","Year 1","CL01",1,739.45,"A00053895-V01"
"7885","A00053961","V01","Year 1","CL01",1,1236,"A00053961-V01"
"7928","A00054244","V01","Year 1","CL01",1,69.87,"A00054244-V01"
"7940","A00054302","V01","Year 1","CL01",1,77.77,"A00054302-V01"
"7942","A00054307","V01","Year 1","CL01",1,77.77,"A00054307-V01"
"7982","A00054504","V01","Year 1","CL01",1,1236,"A00054504-V01"
"8018","A00054752","V01","Year 1","CL01",1,1236,"A00054752-V01"
"8034","A00054875","V01","Year 1","CL01",1,10228.41,"A00054875-V01"
"8039","A00054924","V01","Year 1","CL01",1,1236,"A00054924-V01"
"8048","A00054992","V01","Year 1","CL01",1,1383.28,"A00054992-V01"
"8049","A00054992","V01","Year 1","CL02",1,-642.06,"A00054992-V01"
"8073","A00055166","V01","Year 1","CL01",1,-280.16,"A00055166-V01"
"8080","A00055230","V02","Year 1","CL01",1,245.27,"A00055230-V02"
"8081","A00055231","V01","Year 1","CL01",1,1474.16,"A00055231-V01"
"8128","A00055522","V01","Year 1","CL01",1,291.1,"A00055522-V01"
"8141","A00055568","V01","Year 1","CL01",1,106.44,"A00055568-V01"
"8169","A00055703","V01","Year 1","CL01",1,3176.63,"A00055703-V01"
"8188","A00055875","V01","Year 1","CL01",1,1236,"A00055875-V01"
"8194","A00055916","V01","Year 1","CL01",1,222.33,"A00055916-V01"
"8201","A00055985","V01","Year 1","CL01",1,673.39,"A00055985-V01"
"8216","A00056121","V01","Year 1","CL01",1,283.54,"A00056121-V01"
"8224","A00056211","V01","Year 1","CL01",1,705.9,"A00056211-V01"
"8230","A00056264","V01","Year 1","CL01",1,1096.21,"A00056264-V01"
"8235","A00056297","V01","Year 1","CL01",1,846.05,"A00056297-V01"
"8245","A00056381","V01","Year 1","CL01",1,-646.72,"A00056381-V01"
"8256","A00056500","V01","Year 1","CL01",1,890.81,"A00056500-V01"
"8257","A00056500","V01","Year 1","CL02",1,1887.35,"A00056500-V01"
"8258","A00056504","V02","Year 1","CL01",1,270.44,"A00056504-V02"
"8262","A00056523","V01","Year 1","CL01",1,1236,"A00056523-V01"
"8271","A00056591","V01","Year 1","CL01",1,317.64,"A00056591-V01"
"8298","A00056819","V01","Year 1","CL01",1,483.55,"A00056819-V01"
"8311","A00056889","V01","Year 1","CL01",1,69.62,"A00056889-V01"
"8325","A00056993","V01","Year 1","CL01",1,2613.67,"A00056993-V01"
"8329","A00057031","V01","Year 1","CL01",1,1388.74,"A00057031-V01"
"8339","A00057105","V01","Year 1","CL01",1,789.37,"A00057105-V01"
"8352","A00057185","V01","Year 1","CL01",1,56.19,"A00057185-V01"
"8361","A00057270","V01","Year 1","CL01",1,529.11,"A00057270-V01"
"8378","A00057367","V01","Year 1","CL01",1,1989.77,"A00057367-V01"
"8386","A00057399","V01","Year 1","CL01",1,-1163.41,"A00057399-V01"
"8397","A00057436","V01","Year 1","CL01",1,3664.46,"A00057436-V01"
"8414","A00057530","V01","Year 1","CL01",1,945.37,"A00057530-V01"
"8419","A00057578","V01","Year 1","CL01",1,4116.7,"A00057578-V01"
"8420","A00057578","V01","Year 1","CL02",1,167.76,"A00057578-V01"
"8426","A00057625","V01","Year 1","CL01",1,600.38,"A00057625-V01"
"8428","A00057633","V01","Year 1","CL01",1,676.83,"A00057633-V01"
"8429","A00057633","V01","Year 1","CL02",1,1236,"A00057633-V01"
"8433","A00057659","V01","Year 1","CL01",1,-426.39,"A00057659-V01"
"8442","A00057729","V01","Year 1","CL01",1,0,"A00057729-V01"
"8443","A00057733","V02","Year 1","CL01",1,-262.8,"A00057733-V02"
"8447","A00057766","V01","Year 1","CL01",1,382.26,"A00057766-V01"
"8448","A00057771","V01","Year 1","CL01",1,523.13,"A00057771-V01"
"8452","A00057802","V01","Year 1","CL01",1,107.4,"A00057802-V01"
"8453","A00057802","V01","Year 1","CL02",1,363.85,"A00057802-V01"
"8463","A00057867","V01","Year 1","CL01",1,92.4,"A00057867-V01"
"8478","A00057958","V01","Year 1","CL01",1,274.4,"A00057958-V01"
"8483","A00057995","V01","Year 1","CL01",1,1236,"A00057995-V01"
"8484","A00057999","V01","Year 1","CL01",1,1236,"A00057999-V01"
"8499","A00058195","V01","Year 1","CL01",1,233.15,"A00058195-V01"
"8503","A00058211","V01","Year 1","CL01",1,1175.65,"A00058211-V01"
"8517","A00058275","V01","Year 1","CL01",1,673.34,"A00058275-V01"
"8583","A00058767","V01","Year 1","CL01",1,59.85,"A00058767-V01"
"8586","A00058775","V01","Year 1","CL01",1,634.43,"A00058775-V01"
"8591","A00058810","V01","Year 1","CL01",1,1757.93,"A00058810-V01"
"8598","A00058873","V01","Year 1","CL01",1,302.67,"A00058873-V01"
"8607","A00058909","V01","Year 1","CL01",1,334.26,"A00058909-V01"
"8616","A00058988","V01","Year 1","CL01",1,1302.57,"A00058988-V01"
"8637","A00059119","V01","Year 1","CL01",1,1692.82,"A00059119-V01"
"8638","A00059119","V01","Year 1","CL02",1,1331.74,"A00059119-V01"
"8650","A00059213","V02","Year 1","CL01",1,1140.35,"A00059213-V02"
"8651","A00059213","V02","Year 1","CL02",1,2611.11,"A00059213-V02"
"8656","A00059235","V01","Year 1","CL01",1,2854.14,"A00059235-V01"
"8667","A00059285","V01","Year 1","CL01",1,354.01,"A00059285-V01"
"8715","A00059601","V01","Year 1","CL01",1,2072.35,"A00059601-V01"
"8753","A00059913","V01","Year 1","CL01",1,663.03,"A00059913-V01"
"8761","A00059949","V01","Year 1","CL01",1,3772.71,"A00059949-V01"
"8765","A00059973","V01","Year 1","CL01",1,1096.21,"A00059973-V01"
"8778","A00060062","V01","Year 1","CL01",1,1236,"A00060062-V01"
"8779","A00060062","V01","Year 1","CL02",1,492.99,"A00060062-V01"
"8792","A00060117","V01","Year 1","CL01",1,559.18,"A00060117-V01"
"8793","A00060118","V01","Year 1","CL01",1,1288.79,"A00060118-V01"
"8794","A00060118","V01","Year 1","CL02",1,389.39,"A00060118-V01"
"8795","A00060126","V01","Year 1","CL01",1,1692.83,"A00060126-V01"
"8845","A00060452","V01","Year 1","CL01",1,603.91,"A00060452-V01"
"8852","A00060489","V01","Year 1","CL01",1,1096.21,"A00060489-V01"
"8871","A00060639","V01","Year 1","CL01",1,-927.02,"A00060639-V01"
"8872","A00060639","V01","Year 1","CL02",1,132.22,"A00060639-V01"
"8879","A00060724","V01","Year 1","CL01",1,-874.11,"A00060724-V01"
"8883","A00060748","V01","Year 1","CL01",1,407.29,"A00060748-V01"
"8887","A00060760","V01","Year 1","CL01",1,353.41,"A00060760-V01"
"8897","A00060814","V01","Year 1","CL01",1,2060.92,"A00060814-V01"
"8901","A00060840","V01","Year 1","CL01",1,0,"A00060840-V01"
"8911","A00060888","V01","Year 1","CL01",1,292.32,"A00060888-V01"
"8917","A00060925","V01","Year 1","CL01",1,1182.81,"A00060925-V01"
"8918","A00060925","V01","Year 1","CL02",1,691.21,"A00060925-V01"
"8919","A00060928","V01","Year 1","CL01",1,51.89,"A00060928-V01"
"8922","A00060940","V01","Year 1","CL01",1,828.83,"A00060940-V01"
"8935","A00061009","V01","Year 1","CL01",1,2225.67,"A00061009-V01"
"8959","A00061153","V01","Year 1","CL01",1,102.37,"A00061153-V01"
"8964","A00061193","V02","Year 1","CL01",1,1415.5,"A00061193-V02"
"8966","A00061204","V01","Year 1","CL01",1,1109.7,"A00061204-V01"
"8983","A00061398","V01","Year 1","CL01",1,1236,"A00061398-V01"
"9024","A00061603","V01","Year 1","CL01",1,94.34,"A00061603-V01"
"9025","A00061603","V01","Year 1","CL02",1,668.35,"A00061603-V01"
"9061","A00061851","V01","Year 1","CL01",1,314.55,"A00061851-V01"
"9074","A00061926","V01","Year 1","CL01",1,2303.82,"A00061926-V01"
"9085","A00062032","V01","Year 1","CL01",1,5923.5,"A00062032-V01"
"9099","A00062128","V01","Year 1","CL01",1,573.77,"A00062128-V01"
"9101","A00062175","V01","Year 1","CL01",1,-607.05,"A00062175-V01"
"9112","A00062225","V02","Year 1","CL01",1,1236,"A00062225-V02"
"9113","A00062225","V02","Year 1","CL02",1,3663.8,"A00062225-V02"
"9132","A00062403","V01","Year 1","CL01",1,779.14,"A00062403-V01"
"9156","A00062568","V02","Year 1","CL01",1,1762.23,"A00062568-V02"
"9170","A00062678","V01","Year 1","CL01",1,291.69,"A00062678-V01"
"9199","A00062870","V01","Year 1","CL01",1,558.99,"A00062870-V01"
"9203","A00062895","V01","Year 1","CL01",1,503.06,"A00062895-V01"
"9205","A00062906","V01","Year 1","CL01",1,1096.21,"A00062906-V01"
"9221","A00063000","V01","Year 1","CL01",1,612.03,"A00063000-V01"
"9232","A00063101","V01","Year 1","CL01",1,1096.21,"A00063101-V01"
"9249","A00063231","V01","Year 1","CL01",1,465.64,"A00063231-V01"
"9254","A00063250","V01","Year 1","CL01",1,571.7,"A00063250-V01"
"9255","A00063250","V02","Year 1","CL01",1,2279.02,"A00063250-V02"
"9263","A00063296","V01","Year 1","CL01",1,394.99,"A00063296-V01"
"9265","A00063310","V01","Year 1","CL01",1,1236,"A00063310-V01"
"9266","A00063318","V01","Year 1","CL01",1,859.2,"A00063318-V01"
"9282","A00063424","V01","Year 1","CL01",1,1096.21,"A00063424-V01"
"9288","A00063467","V01","Year 1","CL01",1,561.77,"A00063467-V01"
"9310","A00063647","V01","Year 1","CL01",1,370.55,"A00063647-V01"
"9313","A00063682","V01","Year 1","CL01",1,632.35,"A00063682-V01"
"9318","A00063703","V01","Year 1","CL01",1,-745.15,"A00063703-V01"
"9320","A00063733","V01","Year 1","CL01",1,271.31,"A00063733-V01"
"9331","A00063788","V01","Year 1","CL01",1,1196.21,"A00063788-V01"
"9335","A00063809","V01","Year 1","CL01",1,93.87,"A00063809-V01"
"9344","A00063868","V01","Year 1","CL01",1,288.69,"A00063868-V01"
"9350","A00063908","V01","Year 1","CL01",1,427.64,"A00063908-V01"
"9351","A00063908","V01","Year 1","CL02",1,114.63,"A00063908-V01"
"9358","A00063964","V01","Year 1","CL01",1,1201.46,"A00063964-V01"
"9363","A00064002","V01","Year 1","CL01",1,110.36,"A00064002-V01"
"9371","A00064067","V01","Year 1","CL01",1,703.55,"A00064067-V01"
"9375","A00064092","V01","Year 1","CL01",1,606.21,"A00064092-V01"
"9376","A00064093","V01","Year 1","CL01",1,611.82,"A00064093-V01"
"9384","A00064123","V01","Year 1","CL01",1,783.42,"A00064123-V01"
"9401","A00064230","V01","Year 1","CL01",1,256.58,"A00064230-V01"
"9413","A00064303","V01","Year 1","CL01",1,1096.21,"A00064303-V01"
"9431","A00064399","V01","Year 1","CL01",1,446.32,"A00064399-V01"
"9437","A00064421","V01","Year 1","CL01",1,2637.65,"A00064421-V01"
"9451","A00064570","V01","Year 1","CL01",1,1483.49,"A00064570-V01"
"9467","A00064635","V01","Year 1","CL01",1,600.42,"A00064635-V01"
"9482","A00064681","V01","Year 1","CL01",1,0,"A00064681-V01"
"9485","A00064725","V01","Year 1","CL01",1,473.23,"A00064725-V01"
"9493","A00064790","V01","Year 1","CL01",1,2045.07,"A00064790-V01"
"9513","A00064906","V01","Year 1","CL01",1,709.68,"A00064906-V01"
"9517","A00064924","V01","Year 1","CL01",1,459.89,"A00064924-V01"
"9532","A00065006","V01","Year 1","CL01",1,248.94,"A00065006-V01"
"9534","A00065018","V01","Year 1","CL01",1,382.39,"A00065018-V01"
"9536","A00065027","V01","Year 1","CL01",1,253.67,"A00065027-V01"
"9546","A00065073","V01","Year 1","CL01",1,0,"A00065073-V01"
"9547","A00065077","V01","Year 1","CL01",1,618,"A00065077-V01"
"9573","A00065244","V01","Year 1","CL01",1,637.69,"A00065244-V01"
"9579","A00065266","V03","Year 1","CL01",1,-811.41,"A00065266-V03"
"9589","A00065343","V01","Year 1","CL01",1,2833.98,"A00065343-V01"
"9607","A00065489","V01","Year 1","CL01",1,614.32,"A00065489-V01"
"9626","A00065709","V01","Year 1","CL01",1,386.46,"A00065709-V01"
"9636","A00065811","V01","Year 1","CL01",1,623.47,"A00065811-V01"
"9637","A00065811","V01","Year 1","CL02",1,165.79,"A00065811-V01"
"9638","A00065813","V01","Year 1","CL01",1,1096.21,"A00065813-V01"
"9639","A00065813","V01","Year 1","CL02",1,5143.44,"A00065813-V01"
"9658","A00065908","V01","Year 1","CL01",1,1236,"A00065908-V01"
"9659","A00065912","V01","Year 1","CL01",1,96.88,"A00065912-V01"
"9665","A00065946","V01","Year 1","CL01",1,1236,"A00065946-V01"
"9686","A00066054","V01","Year 1","CL01",1,65.78,"A00066054-V01"
"9688","A00066077","V01","Year 1","CL01",1,507.57,"A00066077-V01"
"9697","A00066109","V01","Year 1","CL01",1,2306.27,"A00066109-V01"
"9701","A00066137","V01","Year 1","CL01",1,0,"A00066137-V01"
"9702","A00066137","V01","Year 1","CL02",1,315.55,"A00066137-V01"
"9705","A00066161","V01","Year 1","CL01",1,-31.33,"A00066161-V01"
"9721","A00066271","V01","Year 1","CL01",1,232.5,"A00066271-V01"
"9750","A00066459","V01","Year 1","CL01",1,301.26,"A00066459-V01"
"9761","A00066521","V01","Year 1","CL01",1,1036.23,"A00066521-V01"
"9762","A00066521","V01","Year 1","CL02",1,1137.13,"A00066521-V01"
"9792","A00066694","V01","Year 1","CL01",1,344.28,"A00066694-V01"
"9805","A00066785","V01","Year 1","CL01",1,0,"A00066785-V01"
"9806","A00066787","V01","Year 1","CL01",1,672.12,"A00066787-V01"
"9810","A00066827","V01","Year 1","CL01",1,276.36,"A00066827-V01"
"9818","A00066879","V01","Year 1","CL01",1,474.12,"A00066879-V01"
"9832","A00066997","V01","Year 1","CL01",1,875.05,"A00066997-V01"
"9843","A00067079","V01","Year 1","CL01",1,542.14,"A00067079-V01"
"9847","A00067091","V01","Year 1","CL01",1,1990.81,"A00067091-V01"
"9848","A00067098","V01","Year 1","CL01",1,680.68,"A00067098-V01"
"9854","A00067123","V01","Year 1","CL01",1,0,"A00067123-V01"
"9856","A00067137","V01","Year 1","CL01",1,1242.19,"A00067137-V01"
"9866","A00067179","V01","Year 1","CL01",1,0,"A00067179-V01"
"9872","A00067212","V01","Year 1","CL01",1,1236,"A00067212-V01"
"9876","A00067240","V01","Year 1","CL01",1,739.94,"A00067240-V01"
"9903","A00067386","V01","Year 1","CL01",1,4331.93,"A00067386-V01"
"9947","A00067606","V02","Year 1","CL01",1,2323.29,"A00067606-V02"
"9969","A00067844","V01","Year 1","CL01",1,454,"A00067844-V01"
"9972","A00067874","V01","Year 1","CL01",1,841.83,"A00067874-V01"
"9982","A00067924","V01","Year 1","CL01",1,248.63,"A00067924-V01"
"10002","A00068072","V01","Year 1","CL01",1,1236,"A00068072-V01"
"10024","A00068220","V01","Year 1","CL01",1,386.21,"A00068220-V01"
"10031","A00068258","V02","Year 1","CL01",1,286.47,"A00068258-V02"
"10032","A00068258","V02","Year 1","CL02",1,797.75,"A00068258-V02"
"10038","A00068280","V01","Year 1","CL01",1,321.65,"A00068280-V01"
"10042","A00068294","V01","Year 1","CL01",1,-677.47,"A00068294-V01"
"10047","A00068408","V01","Year 1","CL01",1,1806.31,"A00068408-V01"
"10050","A00068428","V01","Year 1","CL01",1,1820.02,"A00068428-V01"
"10071","A00068539","V01","Year 1","CL01",1,-533.32,"A00068539-V01"
"10093","A00068659","V01","Year 1","CL01",1,321.83,"A00068659-V01"
"10107","A00068750","V01","Year 1","CL01",1,455.08,"A00068750-V01"
"10123","A00068838","V01","Year 1","CL01",1,672.33,"A00068838-V01"
"10125","A00068845","V01","Year 1","CL01",1,447.69,"A00068845-V01"
"10128","A00068855","V01","Year 1","CL01",1,554.87,"A00068855-V01"
"10129","A00068855","V01","Year 1","CL02",1,113.1,"A00068855-V01"
"10133","A00068870","V01","Year 1","CL01",1,405.17,"A00068870-V01"
"10134","A00068883","V01","Year 1","CL01",1,1096.21,"A00068883-V01"
"10135","A00068883","V01","Year 1","CL02",1,753.63,"A00068883-V01"
"10137","A00068928","V01","Year 1","CL01",1,2279.02,"A00068928-V01"
"10138","A00068937","V01","Year 1","CL01",1,252.63,"A00068937-V01"
"10146","A00068972","V01","Year 1","CL01",1,561,"A00068972-V01"
"10156","A00069054","V01","Year 1","CL01",1,-1421.06,"A00069054-V01"
"10161","A00069135","V01","Year 1","CL01",1,368.91,"A00069135-V01"
"10179","A00069231","V01","Year 1","CL01",1,404.85,"A00069231-V01"
"10180","A00069231","V02","Year 1","CL01",1,0,"A00069231-V02"
"10198","A00069353","V01","Year 1","CL01",1,1075.65,"A00069353-V01"
"10203","A00069368","V01","Year 1","CL01",1,515,"A00069368-V01"
"10208","A00069421","V01","Year 1","CL01",1,37.67,"A00069421-V01"
"10220","A00069492","V01","Year 1","CL01",1,86.98,"A00069492-V01"
"10229","A00069535","V01","Year 1","CL01",1,696.86,"A00069535-V01"
"10254","A00069693","V02","Year 1","CL01",1,418.91,"A00069693-V02"
"10255","A00069693","V02","Year 1","CL02",1,-998.12,"A00069693-V02"
"10333","A00070139","V01","Year 1","CL01",1,0,"A00070139-V01"
"10335","A00070143","V01","Year 1","CL01",1,0,"A00070143-V01"
"10346","A00070276","V01","Year 1","CL01",1,1182.81,"A00070276-V01"
"10347","A00070281","V01","Year 1","CL01",1,172.99,"A00070281-V01"
"10351","A00070340","V01","Year 1","CL01",1,347.81,"A00070340-V01"
"10359","A00070367","V02","Year 1","CL01",1,1338.92,"A00070367-V02"
"10369","A00070424","V01","Year 1","CL01",1,403.21,"A00070424-V01"
"10372","A00070449","V01","Year 1","CL01",1,131.91,"A00070449-V01"
"10378","A00070467","V01","Year 1","CL01",1,982.51,"A00070467-V01"
"10384","A00070504","V01","Year 1","CL01",1,491.85,"A00070504-V01"
"10387","A00070526","V01","Year 1","CL01",1,109.02,"A00070526-V01"
"10389","A00070537","V01","Year 1","CL01",1,2157.96,"A00070537-V01"
"10390","A00070537","V01","Year 1","CL02",1,172.69,"A00070537-V01"
"10399","A00070608","V01","Year 1","CL01",1,631.78,"A00070608-V01"
"10441","A00070945","V01","Year 1","CL01",1,1002.47,"A00070945-V01"
"10442","A00070945","V01","Year 1","CL02",1,592.47,"A00070945-V01"
"10447","A00070972","V01","Year 1","CL01",1,1374.39,"A00070972-V01"
"10475","A00071158","V01","Year 1","CL01",1,107.39,"A00071158-V01"
"10495","A00071305","V01","Year 1","CL01",1,319.76,"A00071305-V01"
"10496","A00071327","V01","Year 1","CL01",1,1236,"A00071327-V01"
"10509","A00071418","V01","Year 1","CL01",1,408.94,"A00071418-V01"
"10515","A00071445","V01","Year 1","CL01",1,3009.59,"A00071445-V01"
"10528","A00071483","V01","Year 1","CL01",1,1815.13,"A00071483-V01"
"10539","A00071540","V01","Year 1","CL01",1,659,"A00071540-V01"
"10540","A00071550","V01","Year 1","CL01",1,1236,"A00071550-V01"
"10541","A00071550","V01","Year 1","CL02",1,401,"A00071550-V01"
"10544","A00071563","V01","Year 1","CL01",1,1242.43,"A00071563-V01"
"10555","A00071596","V01","Year 1","CL01",1,4652.91,"A00071596-V01"
"10576","A00071707","V01","Year 1","CL01",1,462.97,"A00071707-V01"
"10579","A00071755","V01","Year 1","CL01",1,2524.6,"A00071755-V01"
"10596","A00071902","V01","Year 1","CL01",1,447.27,"A00071902-V01"
"10604","A00071937","V01","Year 1","CL01",1,599.85,"A00071937-V01"
"10605","A00071946","V01","Year 1","CL01",1,278.32,"A00071946-V01"
"10610","A00071972","V01","Year 1","CL01",1,1169.05,"A00071972-V01"
"10616","A00072005","V01","Year 1","CL01",1,1236,"A00072005-V01"
"10649","A00072246","V01","Year 1","CL01",1,566.48,"A00072246-V01"
"10687","A00072456","V01","Year 1","CL01",1,62.21,"A00072456-V01"
"10688","A00072456","V02","Year 1","CL01",1,817.8,"A00072456-V02"
"10689","A00072456","V02","Year 1","CL02",1,149.81,"A00072456-V02"
"10708","A00072616","V01","Year 1","CL01",1,848.2,"A00072616-V01"
"10712","A00072638","V01","Year 1","CL01",1,1288.79,"A00072638-V01"
"10715","A00072651","V01","Year 1","CL01",1,0,"A00072651-V01"
"10726","A00072741","V01","Year 1","CL01",1,735.2,"A00072741-V01"
"10729","A00072756","V01","Year 1","CL01",1,-879.6,"A00072756-V01"
"10749","A00072892","V02","Year 1","CL01",1,243.12,"A00072892-V02"
"10750","A00072892","V02","Year 1","CL02",1,113.2,"A00072892-V02"
"10753","A00072919","V01","Year 1","CL01",1,934.61,"A00072919-V01"
"10804","A00073307","V01","Year 1","CL01",1,0,"A00073307-V01"
"10826","A00073470","V01","Year 1","CL01",1,501.75,"A00073470-V01"
"10832","A00073519","V01","Year 1","CL01",1,-631.8,"A00073519-V01"
"10835","A00073545","V01","Year 1","CL01",1,1096.21,"A00073545-V01"
"10846","A00073631","V02","Year 1","CL01",1,1485.72,"A00073631-V02"
"10880","A00073840","V01","Year 1","CL01",1,0,"A00073840-V01"
"10892","A00073953","V01","Year 1","CL01",1,0,"A00073953-V01"
"10895","A00073987","V01","Year 1","CL01",1,460.36,"A00073987-V01"
"10913","A00074165","V01","Year 1","CL01",1,614.82,"A00074165-V01"
"10933","A00074282","V01","Year 1","CL01",1,100.84,"A00074282-V01"
"10956","A00074503","V01","Year 1","CL01",1,400.93,"A00074503-V01"
"10961","A00074532","V01","Year 1","CL01",1,1096.21,"A00074532-V01"
"10987","A00074652","V01","Year 1","CL01",1,1236,"A00074652-V01"
"10991","A00074670","V01","Year 1","CL01",1,1361.91,"A00074670-V01"
"11011","A00074823","V01","Year 1","CL01",1,-606.3,"A00074823-V01"
"11012","A00074825","V01","Year 1","CL01",1,1236,"A00074825-V01"
"11021","A00074872","V01","Year 1","CL01",1,128.58,"A00074872-V01"
"11022","A00074872","V01","Year 1","CL02",1,128.58,"A00074872-V01"
"11038","A00074964","V01","Year 1","CL01",1,394.16,"A00074964-V01"
"11053","A00075056","V01","Year 1","CL01",1,1870.62,"A00075056-V01"
"11076","A00075171","V01","Year 1","CL01",1,-380.64,"A00075171-V01"
"11092","A00075225","V02","Year 1","CL01",1,0,"A00075225-V02"
"11098","A00075256","V01","Year 1","CL01",1,1236,"A00075256-V01"
"11108","A00075287","V01","Year 1","CL01",1,1236,"A00075287-V01"
"11119","A00075376","V01","Year 1","CL01",1,1236,"A00075376-V01"
"11162","A00075723","V01","Year 1","CL01",1,437.79,"A00075723-V01"
"11191","A00075987","V01","Year 1","CL01",1,1135.27,"A00075987-V01"
"11211","A00076134","V01","Year 1","CL01",1,577.31,"A00076134-V01"
"11224","A00076227","V01","Year 1","CL01",1,1275.19,"A00076227-V01"
"11225","A00076227","V01","Year 1","CL02",1,107.39,"A00076227-V01"
"11226","A00076233","V01","Year 1","CL01",1,2202.77,"A00076233-V01"
"11240","A00076294","V01","Year 1","CL01",1,37.99,"A00076294-V01"
"11243","A00076309","V01","Year 1","CL01",1,-253,"A00076309-V01"
"11281","A00076531","V01","Year 1","CL01",1,192.32,"A00076531-V01"
"11300","A00076659","V01","Year 1","CL01",1,-626.42,"A00076659-V01"
"11302","A00076690","V01","Year 1","CL01",1,78.63,"A00076690-V01"
"11317","A00076761","V01","Year 1","CL01",1,0,"A00076761-V01"
"11318","A00076761","V01","Year 1","CL02",1,557.04,"A00076761-V01"
"11319","A00076761","V02","Year 1","CL01",1,0,"A00076761-V02"
"11320","A00076761","V02","Year 1","CL02",1,415.51,"A00076761-V02"
"11321","A00076761","V02","Year 1","CL03",1,391.93,"A00076761-V02"
"11329","A00076795","V01","Year 1","CL01",1,618,"A00076795-V01"
"11350","A00076933","V01","Year 1","CL01",1,2766.55,"A00076933-V01"
"11359","A00076990","V01","Year 1","CL01",1,533.11,"A00076990-V01"
"11372","A00077093","V01","Year 1","CL01",1,606.12,"A00077093-V01"
"11384","A00077148","V01","Year 1","CL01",1,256.43,"A00077148-V01"
"11417","A00077421","V01","Year 1","CL01",1,-561.42,"A00077421-V01"
"11418","A00077421","V01","Year 1","CL02",1,314.54,"A00077421-V01"
"11419","A00077424","V01","Year 1","CL01",1,0,"A00077424-V01"
"11430","A00077465","V02","Year 1","CL01",1,58.38,"A00077465-V02"
"11432","A00077489","V01","Year 1","CL01",1,355.7,"A00077489-V01"
"11449","A00077608","V01","Year 1","CL01",1,3224.56,"A00077608-V01"
"11455","A00077648","V01","Year 1","CL01",1,431.78,"A00077648-V01"
"11465","A00077702","V01","Year 1","CL01",1,1231.66,"A00077702-V01"
"11469","A00077717","V01","Year 1","CL01",1,338.85,"A00077717-V01"
"11486","A00077851","V01","Year 1","CL01",1,1702.96,"A00077851-V01"
"11496","A00077898","V01","Year 1","CL01",1,360.18,"A00077898-V01"
"11497","A00077898","V01","Year 1","CL02",1,459.33,"A00077898-V01"
"11499","A00077904","V01","Year 1","CL01",1,86.6,"A00077904-V01"
"11511","A00077953","V01","Year 1","CL01",1,322.92,"A00077953-V01"
"11517","A00077975","V01","Year 1","CL01",1,599.61,"A00077975-V01"
"11518","A00077978","V01","Year 1","CL01",1,484.79,"A00077978-V01"
"11547","A00078197","V01","Year 1","CL01",1,72.58,"A00078197-V01"
"11559","A00078259","V01","Year 1","CL01",1,1096.21,"A00078259-V01"
"11565","A00078290","V01","Year 1","CL01",1,499.39,"A00078290-V01"
"11591","A00078431","V01","Year 1","CL01",1,1096.21,"A00078431-V01"
"11594","A00078474","V01","Year 1","CL01",1,107.39,"A00078474-V01"
"11598","A00078488","V01","Year 1","CL01",1,1029.81,"A00078488-V01"
"11599","A00078489","V01","Year 1","CL01",1,0,"A00078489-V01"
"11615","A00078678","V01","Year 1","CL01",1,2285.54,"A00078678-V01"
"11620","A00078721","V01","Year 1","CL01",1,1236,"A00078721-V01"
"11625","A00078748","V01","Year 1","CL01",1,2471.6,"A00078748-V01"
"11626","A00078748","V01","Year 1","CL02",1,597.28,"A00078748-V01"
"11634","A00078803","V01","Year 1","CL01",1,2357.18,"A00078803-V01"
"11635","A00078803","V01","Year 1","CL02",1,909.77,"A00078803-V01"
"11642","A00078860","V01","Year 1","CL01",1,517.92,"A00078860-V01"
"11645","A00078887","V01","Year 1","CL01",1,1352.61,"A00078887-V01"
"11660","A00079015","V01","Year 1","CL01",1,713.42,"A00079015-V01"
"11663","A00079043","V01","Year 1","CL01",1,729.47,"A00079043-V01"
"11666","A00079053","V01","Year 1","CL01",1,985.1,"A00079053-V01"
"11667","A00079057","V01","Year 1","CL01",1,1236,"A00079057-V01"
"11669","A00079066","V01","Year 1","CL01",1,-34.38,"A00079066-V01"
"11679","A00079129","V01","Year 1","CL01",1,711.69,"A00079129-V01"
"11696","A00079254","V01","Year 1","CL01",1,1236,"A00079254-V01"
"11708","A00079323","V01","Year 1","CL01",1,818.69,"A00079323-V01"
"11727","A00079434","V01","Year 1","CL01",1,1236,"A00079434-V01"
"11737","A00079493","V01","Year 1","CL01",1,474.5,"A00079493-V01"
"11738","A00079518","V01","Year 1","CL01",1,1236,"A00079518-V01"
"11754","A00079579","V01","Year 1","CL01",1,5699.33,"A00079579-V01"
"11762","A00079652","V01","Year 1","CL01",1,1345.02,"A00079652-V01"
"11763","A00079652","V01","Year 1","CL02",1,97.7,"A00079652-V01"
"11770","A00079713","V01","Year 1","CL01",1,275.86,"A00079713-V01"
"11775","A00079762","V01","Year 1","CL01",1,2133.33,"A00079762-V01"
"11776","A00079766","V01","Year 1","CL01",1,5365.8,"A00079766-V01"
"11781","A00079835","V01","Year 1","CL01",1,1236,"A00079835-V01"
"11782","A00079835","V01","Year 1","CL02",1,244.43,"A00079835-V01"
"11798","A00079923","V01","Year 1","CL01",1,683.82,"A00079923-V01"
"11816","A00080118","V01","Year 1","CL01",1,107.39,"A00080118-V01"
"11834","A00080252","V01","Year 1","CL01",1,457.49,"A00080252-V01"
"11849","A00080341","V01","Year 1","CL01",1,1980.25,"A00080341-V01"
"11872","A00080452","V01","Year 1","CL01",1,26.19,"A00080452-V01"
"11876","A00080473","V01","Year 1","CL01",1,551.07,"A00080473-V01"
"11882","A00080508","V01","Year 1","CL01",1,1236,"A00080508-V01"
"11887","A00080552","V02","Year 1","CL01",1,107.39,"A00080552-V02"
"11914","A00080719","V01","Year 1","CL01",1,-124.31,"A00080719-V01"
"11915","A00080724","V01","Year 1","CL01",1,1182.81,"A00080724-V01"
"11928","A00080838","V01","Year 1","CL01",1,4678.82,"A00080838-V01"
"11930","A00080858","V01","Year 1","CL01",1,2769.21,"A00080858-V01"
"11931","A00080858","V01","Year 1","CL02",1,144.23,"A00080858-V01"
"11936","A00080915","V01","Year 1","CL01",1,1236,"A00080915-V01"
"11938","A00080924","V01","Year 1","CL01",1,1281.77,"A00080924-V01"
"11944","A00080978","V01","Year 1","CL01",1,808.65,"A00080978-V01"
"11952","A00081025","V01","Year 1","CL01",1,-781.58,"A00081025-V01"
"11953","A00081033","V01","Year 1","CL01",1,654.79,"A00081033-V01"
"11958","A00081072","V01","Year 1","CL01",1,132.22,"A00081072-V01"
"11968","A00081135","V01","Year 1","CL01",1,592.73,"A00081135-V01"
"11982","A00081249","V01","Year 1","CL01",1,1096.21,"A00081249-V01"
"11984","A00081256","V02","Year 1","CL01",1,243.44,"A00081256-V02"
"12007","A00081379","V01","Year 1","CL01",1,504.44,"A00081379-V01"
"12015","A00081422","V01","Year 1","CL01",1,220.39,"A00081422-V01"
"12020","A00081457","V01","Year 1","CL01",1,1471.05,"A00081457-V01"
"12030","A00081534","V01","Year 1","CL01",1,-291.82,"A00081534-V01"
"12036","A00081550","V02","Year 1","CL01",1,-491.26,"A00081550-V02"
"12040","A00081558","V01","Year 1","CL01",1,24.92,"A00081558-V01"
"12048","A00081579","V01","Year 1","CL01",1,565,"A00081579-V01"
"12061","A00081689","V01","Year 1","CL01",1,1096.21,"A00081689-V01"
"12080","A00081799","V01","Year 1","CL01",1,2445.07,"A00081799-V01"
"12089","A00081847","V01","Year 1","CL01",1,103.05,"A00081847-V01"
"12110","A00081981","V01","Year 1","CL01",1,3277.2,"A00081981-V01"
"12111","A00081997","V01","Year 1","CL01",1,475.99,"A00081997-V01"
"12119","A00082099","V01","Year 1","CL01",1,2775.13,"A00082099-V01"
"12120","A00082099","V01","Year 1","CL02",1,189.87,"A00082099-V01"
"12124","A00082137","V01","Year 1","CL01",1,1358.11,"A00082137-V01"
"12134","A00082195","V01","Year 1","CL01",1,933.54,"A00082195-V01"
"12135","A00082198","V01","Year 1","CL01",1,1070.02,"A00082198-V01"
"12136","A00082198","V01","Year 1","CL02",1,525.93,"A00082198-V01"
"12137","A00082198","V01","Year 1","CL03",1,858.92,"A00082198-V01"
"12143","A00082252","V02","Year 1","CL01",1,85.75,"A00082252-V02"
"12164","A00082409","V01","Year 1","CL01",1,1951.68,"A00082409-V01"
"12165","A00082409","V01","Year 1","CL02",1,563.1,"A00082409-V01"
"12169","A00082483","V01","Year 1","CL01",1,1236,"A00082483-V01"
"12175","A00082549","V01","Year 1","CL01",1,1443.57,"A00082549-V01"
"12181","A00082596","V02","Year 1","CL01",1,2462.24,"A00082596-V02"
"12182","A00082596","V02","Year 1","CL02",1,622.98,"A00082596-V02"
"12186","A00082633","V01","Year 1","CL01",1,645.74,"A00082633-V01"
"12189","A00082662","V01","Year 1","CL01",1,756.45,"A00082662-V01"
"12194","A00082683","V01","Year 1","CL01",1,1236,"A00082683-V01"
"12209","A00082725","V01","Year 1","CL01",1,1293.24,"A00082725-V01"
"12210","A00082725","V01","Year 1","CL02",1,1236,"A00082725-V01"
"12211","A00082725","V01","Year 1","CL03",1,966.65,"A00082725-V01"
"12222","A00082831","V01","Year 1","CL01",1,1261.65,"A00082831-V01"
"12246","A00083001","V01","Year 1","CL01",1,0,"A00083001-V01"
"12247","A00083001","V01","Year 1","CL02",1,1201.23,"A00083001-V01"
"12248","A00083009","V01","Year 1","CL01",1,1288.79,"A00083009-V01"
"12274","A00083229","V01","Year 1","CL01",1,94.31,"A00083229-V01"
"12275","A00083229","V01","Year 1","CL02",1,-664.11,"A00083229-V01"
"12290","A00083322","V02","Year 1","CL01",1,2048.79,"A00083322-V02"
"12292","A00083343","V01","Year 1","CL01",1,393.32,"A00083343-V01"
"12308","A00083421","V01","Year 1","CL01",1,-468.27,"A00083421-V01"
"12309","A00083421","V01","Year 1","CL02",1,26.17,"A00083421-V01"
"12321","A00083470","V01","Year 1","CL01",1,77.77,"A00083470-V01"
"12346","A00083655","V01","Year 1","CL01",1,1236,"A00083655-V01"
"12359","A00083729","V01","Year 1","CL01",1,690.57,"A00083729-V01"
"12366","A00083752","V01","Year 1","CL01",1,2555.98,"A00083752-V01"
"12367","A00083752","V01","Year 1","CL02",1,2471.6,"A00083752-V01"
"12433","A00084280","V01","Year 1","CL01",1,2193.38,"A00084280-V01"
"12434","A00084280","V01","Year 1","CL02",1,-862.61,"A00084280-V01"
"12437","A00084290","V01","Year 1","CL01",1,490.21,"A00084290-V01"
"12438","A00084293","V01","Year 1","CL01",1,1255.67,"A00084293-V01"
"12485","A00084570","V01","Year 1","CL01",1,93.03,"A00084570-V01"
"12496","A00084628","V01","Year 1","CL01",1,-763.4,"A00084628-V01"
"12497","A00084637","V01","Year 1","CL01",1,333.52,"A00084637-V01"
"12519","A00084770","V01","Year 1","CL01",1,122.48,"A00084770-V01"
"12526","A00084807","V01","Year 1","CL01",1,1236,"A00084807-V01"
"12545","A00084902","V01","Year 1","CL01",1,565.72,"A00084902-V01"
"12568","A00085126","V01","Year 1","CL01",1,2087.02,"A00085126-V01"
"12569","A00085127","V01","Year 1","CL01",1,255.6,"A00085127-V01"
"12584","A00085206","V01","Year 1","CL01",1,1236,"A00085206-V01"
"12627","A00085541","V01","Year 1","CL01",1,258.2,"A00085541-V01"
"12645","A00085615","V01","Year 1","CL01",1,194.68,"A00085615-V01"
"12646","A00085615","V02","Year 1","CL01",1,796.56,"A00085615-V02"
"12647","A00085615","V02","Year 1","CL02",1,1236,"A00085615-V02"
"12650","A00085639","V01","Year 1","CL01",1,983.91,"A00085639-V01"
"12653","A00085650","V01","Year 1","CL01",1,199.73,"A00085650-V01"
"12695","A00085920","V01","Year 1","CL01",1,1259.09,"A00085920-V01"
"12701","A00085943","V01","Year 1","CL01",1,663.59,"A00085943-V01"
"12703","A00085966","V01","Year 1","CL01",1,-837.15,"A00085966-V01"
"12704","A00085983","V01","Year 1","CL01",1,527.48,"A00085983-V01"
"12707","A00086005","V01","Year 1","CL01",1,628.09,"A00086005-V01"
"12726","A00086147","V01","Year 1","CL01",1,476.37,"A00086147-V01"
"12735","A00086195","V02","Year 1","CL01",1,-533.12,"A00086195-V02"
"12754","A00086374","V01","Year 1","CL01",1,-826.73,"A00086374-V01"
"12768","A00086452","V01","Year 1","CL01",1,558.92,"A00086452-V01"
"12774","A00086502","V01","Year 1","CL01",1,2692.61,"A00086502-V01"
"12789","A00086576","V01","Year 1","CL01",1,2471.6,"A00086576-V01"
"12796","A00086596","V01","Year 1","CL01",1,2669.11,"A00086596-V01"
"12797","A00086596","V01","Year 1","CL02",1,809.86,"A00086596-V01"
"12801","A00086600","V01","Year 1","CL01",1,0,"A00086600-V01"
"12810","A00086661","V01","Year 1","CL01",1,-284.79,"A00086661-V01"
"12822","A00086769","V01","Year 1","CL01",1,5066.15,"A00086769-V01"
"12844","A00086911","V01","Year 1","CL01",1,1319.24,"A00086911-V01"
"12847","A00086935","V01","Year 1","CL01",1,407.59,"A00086935-V01"
"12848","A00086935","V01","Year 1","CL02",1,2052.89,"A00086935-V01"
"12849","A00086935","V01","Year 1","CL03",1,1236,"A00086935-V01"
"12860","A00087004","V01","Year 1","CL01",1,1236,"A00087004-V01"
"12866","A00087030","V01","Year 1","CL01",1,228.83,"A00087030-V01"
"12868","A00087061","V01","Year 1","CL01",1,114.11,"A00087061-V01"
"12869","A00087061","V01","Year 1","CL02",1,316.22,"A00087061-V01"
"12875","A00087082","V01","Year 1","CL01",1,437.43,"A00087082-V01"
"12878","A00087099","V01","Year 1","CL01",1,2443.26,"A00087099-V01"
"12880","A00087143","V01","Year 1","CL01",1,1609.54,"A00087143-V01"
"12897","A00087230","V01","Year 1","CL01",1,1335.26,"A00087230-V01"
"12956","A00087579","V01","Year 1","CL01",1,0,"A00087579-V01"
"12957","A00087579","V01","Year 1","CL02",1,104.84,"A00087579-V01"
"12984","A00087729","V01","Year 1","CL01",1,2468.97,"A00087729-V01"
"12992","A00087784","V01","Year 1","CL01",1,185.79,"A00087784-V01"
"13025","A00088004","V01","Year 1","CL01",1,216.68,"A00088004-V01"
"13026","A00088004","V01","Year 1","CL02",1,97.2,"A00088004-V01"
"13035","A00088038","V01","Year 1","CL01",1,132.22,"A00088038-V01"
"13052","A00088115","V01","Year 1","CL01",1,2320.05,"A00088115-V01"
"13060","A00088143","V01","Year 1","CL01",1,10403.97,"A00088143-V01"
"13061","A00088143","V01","Year 1","CL02",1,1182.81,"A00088143-V01"
"13062","A00088148","V01","Year 1","CL01",1,1096.21,"A00088148-V01"
"13068","A00088193","V01","Year 1","CL01",1,2572,"A00088193-V01"
"13078","A00088235","V01","Year 1","CL01",1,95.94,"A00088235-V01"
"13089","A00088293","V02","Year 1","CL01",1,2064.13,"A00088293-V02"
"13107","A00088436","V01","Year 1","CL01",1,1236,"A00088436-V01"
"13108","A00088436","V01","Year 1","CL02",1,618,"A00088436-V01"
"13119","A00088506","V01","Year 1","CL01",1,448.72,"A00088506-V01"
"13150","A00088765","V01","Year 1","CL01",1,391.09,"A00088765-V01"
"13156","A00088787","V01","Year 1","CL01",1,-154.29,"A00088787-V01"
"13158","A00088804","V01","Year 1","CL01",1,2554.08,"A00088804-V01"
"13186","A00089014","V01","Year 1","CL01",1,1236,"A00089014-V01"
"13240","A00089402","V01","Year 1","CL01",1,-890.35,"A00089402-V01"
"13241","A00089420","V01","Year 1","CL01",1,273.98,"A00089420-V01"
"13254","A00089485","V01","Year 1","CL01",1,525.22,"A00089485-V01"
"13269","A00089643","V01","Year 1","CL01",1,1236,"A00089643-V01"
"13270","A00089652","V02","Year 1","CL01",1,0,"A00089652-V02"
"13286","A00089784","V01","Year 1","CL01",1,0,"A00089784-V01"
"13302","A00089892","V01","Year 1","CL01",1,437.5,"A00089892-V01"
"13326","A00090114","V01","Year 1","CL01",1,369.62,"A00090114-V01"
"13340","A00090231","V01","Year 1","CL01",1,510.81,"A00090231-V01"
"13367","A00090356","V01","Year 1","CL01",1,1313.62,"A00090356-V01"
"13371","A00090370","V01","Year 1","CL01",1,1096.21,"A00090370-V01"
"13382","A00090462","V01","Year 1","CL01",1,355.7,"A00090462-V01"
"13407","A00090730","V01","Year 1","CL01",1,83.06,"A00090730-V01"
"13414","A00090796","V01","Year 1","CL01",1,256.72,"A00090796-V01"
"13450","A00091062","V01","Year 1","CL01",1,611.25,"A00091062-V01"
"13456","A00091083","V01","Year 1","CL01",1,366.07,"A00091083-V01"
"13460","A00091109","V01","Year 1","CL01",1,90.18,"A00091109-V01"
"13461","A00091109","V01","Year 1","CL02",1,37.67,"A00091109-V01"
"13462","A00091151","V01","Year 1","CL01",1,2788.8,"A00091151-V01"
"13463","A00091155","V01","Year 1","CL01",1,1378.68,"A00091155-V01"
"13470","A00091217","V01","Year 1","CL01",1,-971.79,"A00091217-V01"
"13471","A00091217","V01","Year 1","CL02",1,765.06,"A00091217-V01"
"13474","A00091227","V01","Year 1","CL01",1,156.73,"A00091227-V01"
"13483","A00091340","V01","Year 1","CL01",1,573.53,"A00091340-V01"
"13487","A00091380","V01","Year 1","CL01",1,2381.56,"A00091380-V01"
"13489","A00091386","V01","Year 1","CL01",1,312.29,"A00091386-V01"
"13492","A00091433","V01","Year 1","CL01",1,4346.88,"A00091433-V01"
"13493","A00091437","V01","Year 1","CL01",1,1096.21,"A00091437-V01"
"13503","A00091475","V01","Year 1","CL01",1,480.56,"A00091475-V01"
